No,"タイトル","URL","カテゴリー","案件種別","取引条件","提案数","提案者","発注数","評価","説明"
0,"オムニ7APIを使用した在庫あり/なしの取得","https://www.lancers.jp/work/work/detail/2989479","ソフトウェア・業務システム開発/IT・通信・インターネット","プロジェクト","20,000円~50,000円/固定","2","amazon_user","4","5","オムニ7APIを使用した在庫あり/なしの取得"
1,"アマゾン商品ページ情報取得のスクレイピングツール作成の仕事","https://www.lancers.jp/work/work/detail/2988553","ECサイト運用ツール開発/IT・通信・インターネット","プロジェクト","10,000円~20,000円/固定","11","takahiro22","38","4.8","アマゾン商品ページ情報取得のスクレイピングツール作成の仕事"
2,"画像で商品リサーチ一括検索（ExcelエクセルマクロVBAスクレイピングエンジニア","https://www.lancers.jp/work/work/detail/2988167","調査・分析・統計/IT・通信・インターネット","プロジェクト","20,000円~50,000円/固定","1","マサキ物販","59","4.9","■依頼の目的・背景（PCパソコン自動プログラミング手作業ツール）こんにちは、EC物販業を営んでおります。小売りサイトの商品とAmazon.co.jpで一致する商品を探したいです。品番や商品名では一致しないので画像で一致させたいです。Amazonに画像検索機能はありません。Googleの画像検索機能で検索するとAmazonの商品ページが表示され..."
3,"Wordpressの自動投稿(＆動画収集)スクレイピングシステムの仕事","https://www.lancers.jp/work/work/detail/2986385","Webシステム開発・プログラミング/IT・通信・インターネット","プロジェクト","10,000円~20,000円/固定","4","皆本","14","4.7","Wordpressの自動投稿(＆動画収集)スクレイピングシステムの仕事"
4,"1688のスクレイピングソフトの開発(応募に問題があった為、再募集致します)","https://www.lancers.jp/work/work/detail/2985882","Webシステム開発・プログラミング/IT・通信・インターネット","プロジェクト","50,000円~100,000円/固定","5","works_my","5","5","■依頼の目的・背景【概要】下記サンプルURLのサイト商品ページの情報をスクレイピングするソフトの開発をお願いします。※以下内容を必ずご確認の上、ご応募いただきます様お願い致します。・1688のサイトではアカウントを作成するのに中国での電話番号等が必要となりますので・1688に精通している方のみご応募いただきます様お願い致します。サンプルURL----..."
5,"サロンボードのスクレイピング","https://www.lancers.jp/work/work/detail/2985540","Webシステム開発・プログラミング/IT・通信・インターネット","プロジェクト","300,000円~500,000円/固定","18","hinata_aina","3","3.6","サロンボードのスクレイピング"
6,"求人サイトのスクレイピングの仕事","https://www.lancers.jp/work/work/detail/2985451","Webシステム開発・プログラミング/IT・通信・インターネット","プロジェクト","10,000円~20,000円/固定","8","たかぽん","122","4.5","求人サイトのスクレイピングの仕事"
7,"PHPプログラムでのサイト情報取得プロクラムの改修","https://www.lancers.jp/work/work/detail/2985197","ソフトウェア・業務システム開発/IT・通信・インターネット","プロジェクト","20,000円~50,000円/固定","9","amazon_user","4","5","PHPプログラムでのサイト情報取得プロクラムの改修"
8,"Amazon、モノレート、モノゾンからデータを取得するツール","https://www.lancers.jp/work/work/detail/2984421","スクレイピング・データ収集/IT・通信・インターネット","プロジェクト","10,000円~20,000円/固定","5","畑中涼","1","5","Amazon、モノレート、モノゾンからデータを取得するツール"
9,"楽天、yahooモール内に出店している自店とライバル店の価格情報をスクレイピングするプログラムの開発","https://www.lancers.jp/work/work/detail/2982428","Webシステム開発・プログラミング/住宅・不動産","プロジェクト","100,000円~200,000円/固定","19","rpeuier09rtw","17","5","■依頼の目的・背景楽天、yahooモール内に出店している自店とライバル店の価格情報をスクレイピングするプログラムの開発をお願い致します。■分野その他■作業範囲分からないので、相談して決めさせていただければと思います。■用意してあるもの・仕様書・サーバー・ドメイン■参考URLなし■希望開発言語Ruby、PHP、Python、Java、..."
10,"商品リサーチ一括検索（ExcelエクセルマクロVBAスクレイピングエンジニア","https://www.lancers.jp/work/work/detail/2982191","調査・分析・統計/IT・通信・インターネット","プロジェクト","50,000円~100,000円/固定","2","マサキ物販","59","4.9","■依頼の目的・背景（PCパソコン自動プログラミング）こんにちは、EC物販業を営んでいるmasakiです。小売りサイトの商品とAmazon.co.jpで一致する商品を探したいです。品番が無いので小売りサイト（小）の商品とAmazon.co.jp（A）の画像か製品名を抽出して一致させる。（小）と（A）で画像が違う物もあります。小売りサイトの製品名..."
11,"Excelマクロで稼働しているスクレイピングツールと同じ機能のPCインストール型のツールの開発","https://www.lancers.jp/work/work/detail/2981016","Webシステム開発・プログラミング/リサーチ・調査","プロジェクト","50,000円~100,000円/固定","7","NEMOKEN","196","4.9","Excelマクロで稼働しているスクレイピングツールと同じ機能のPCインストール型のツールの開発"
12,"【Mac】商品在庫監視、復活時にツイートするツールの開発","https://www.lancers.jp/work/work/detail/2978830","Macアプリケーション開発/IT・通信・インターネット","プロジェクト","100,000円~200,000円/固定","4","早野友哉","16","4.8","複数のサイト状の商品を監視し、在庫が復活するとツイートするMacのツール開発のお仕事となります。競合サイト参考：https://twitter.com/punpunmaruno【概要】商品URL、復活したらツイートする文言を指定、監視ONを押すと監視スタート。同時に数百個程度のURLを平行して監視できるものを希望しています。また、ツイートする文言には「..."
13,"Uipathマクロの連携","https://www.lancers.jp/work/work/detail/2974648","ソフトウェア・業務システム開発/IT・通信・インターネット","プロジェクト","5,000円~10,000円/固定","5","ムブ","28","5","■依頼の目的・背景Uipathの開発可能現在、Uipath→マクロ１→マクロ２→スプレッドシートアドオンでの業務をしています。上記の業務をUipathで全体を実行現在のUipathのシナリオを機能拡張したく思っております。現在行っている作業と作業をつなぎあわせてほしいです。UipathでCSVファイルを複数取得マクロ１で複数ファイルを選択..."
14,"WordPressに自動投稿するスクレイピングツール作成の仕事","https://www.lancers.jp/work/work/detail/2974035","Webシステム開発・プログラミング/IT・通信・インターネット","プロジェクト","50,000円~100,000円/固定","13","saito_0831","4","5","■依頼の目的・背景当案件をご覧いただき、誠にありがとうございます。複数サイトを入力したサイトからキーワードをスクレイピングしていただきその情報を任意のキーワードに変換していただき自動でWordpressに記事投稿、下書き状態にするツールを開発するお仕事です。目的のサイトは、ホスラブ爆さいしたらば上記の掲示板になります。ベースになるサービスをお..."
15,"スクレイピングで在庫監視、商品が復活したら自動でツイートするツールの製作に対する提案","https://www.lancers.jp/work/work/detail/2973517","Webシステム開発・プログラミング/IT・通信・インターネット","プロジェクト","20,000円~50,000円/固定","4","kakaotalk","-","-","スクレイピングで在庫監視、商品が復活したら自動でツイートするツールの製作に対する提案"
16,"AmazonアソシエイトPAAPIを利用して、任意検索商品におけるRSS出力ツールの作成","https://www.lancers.jp/work/work/detail/2971416","Webシステム開発・プログラミング/IT・通信・インターネット","プロジェクト","20,000円~50,000円/固定","4","wp0060065","1","-","■依頼の目的・背景■概要：AmazonアソシエイトPAAPIを使って、任意検索商品におけるRSS出力ツールの開発■目的出力したRSSを使って、wordpresr上にHTML表示させたい??仕様(希望)・任意検索による特定商品の新着、売上、予約のRSSの出力・表示項目として、商品名、商品画像、容量、価格、送料、販売会社名の表示項目選択可能な機能..."
17,"楽天市場から画像URLを抽出するVBA/API等","https://www.lancers.jp/work/work/detail/2969444","Excelマクロ作成・VBA開発/IT・通信・インターネット","プロジェクト","6,000円~7,000円/募集期間5日、取引期間2日","15","wakiwaki","2","-","ご覧いただきありがとうございます。１．楽天市場の商品ページURLがA列に存在２．実行すると商品ページの画像リンクをすべて抽出３．画像のリンク毎にセルを使用します・仕上がりイメージhttps://gyazo.com/bf9afb97b2c874d4ddbb4f1eb5b4c4ad抽出についてはAPI利用、スクレイピング等はお任せします。楽天APIは所..."
18,"1688のスクレイピングソフトの開発(2020/04/29内容詳細更新)","https://www.lancers.jp/work/work/detail/2969143","Webシステム開発・プログラミング/IT・通信・インターネット","プロジェクト","50,000円~100,000円/固定","23","works_my","5","5","1688のスクレイピングソフトの開発(2020/04/29内容詳細更新)"
19,"Amazon商品リサーチ一括検索（ExcelエクセルマクロVBAスクレイピングエンジニア","https://www.lancers.jp/work/work/detail/2964606","調査・分析・統計/IT・通信・インターネット","プロジェクト","5,000円~6,000円/募集期間3日、取引期間3日","5","マサキ物販","59","4.9","■依頼の目的・背景こんにちは、EC物販業を営んでいる藤田です。Amazonの商品リサーチ検索を依頼したいです。当方の手元に仕入れ先のJANコードと価格表があります。AmazonでJANコードを元に商品を検索商品URLと商品価格と売れ筋ランキングを抽出したいです。よろしくお願い致します。■作業数1080"
20,"Amazonページからwebスクレイピングなどを使って商品ページ、レビューの情報を取得する","https://www.lancers.jp/work/work/detail/2961626","Excelマクロ作成・VBA開発/IT・通信・インターネット","プロジェクト","20,000円~50,000円/固定","9","takahey","8","5","Amazonページからwebスクレイピングなどを使って商品ページ、レビューの情報を取得する"
21,"ツール開発メルカリ楽天市場ラクマなどスクレイピングURL抽出","https://www.lancers.jp/work/work/detail/2961576","ECサイト運用ツール開発/IT・通信・インターネット","プロジェクト","5,000円~10,000円/固定","3","must1989","2","5","メルカリ楽天市場ラクマなどのログイン後のページから、"良いね”や”お気に入り”したURLを一括で抽出できるプログラムを作成してもらいたいと考えています。当方専門的な知識は全くありません。ただ、ネットショップに商品を登録する上で、作業を効率化したいという理由で応募しました。なのであまり専門的な事は分かりませんが、出来るだけ詳しく仕様について説明したいと思います。..."
22,"特定サイトの情報をスクレイピングしてスプレッドシートに転記","https://www.lancers.jp/work/work/detail/2958719","Webシステム開発・プログラミング/IT・通信・インターネット","プロジェクト","5,000円~10,000円/固定","6","ムブ","28","5","■依頼の目的・背景ログインが必要な管理システム(ロボットチェックなし)の情報をスクレイピング集計し、スプレッドシートに転記→毎日AM4時に実行管理システム内の商品ステータスの抽出→集計→スプレッドシートに転記管理システム内の「商品一覧ページ」に入り商品の全件表示(リスト形式でクリックしてリストが展開、ALLを選択)表示された全件の商品ステータスをスクレイ..."
23,"WEBサイトスクレイピングシステムの開発","https://www.lancers.jp/work/work/detail/2957873","ソフトウェア・業務システム開発/IT・通信・インターネット","プロジェクト","300,000円~500,000円/固定","28","合同会社マーケティングデパートメント","1","-","WEBサイトスクレイピングシステムの開発"
24,"サイト情報のスクレイピング","https://www.lancers.jp/work/work/detail/2955614","データ収集・入力・リスト作成/IT・通信・インターネット","プロジェクト","50,000円~100,000円/固定","20","Ykanaya","-","1","サイト情報のスクレイピング"
25,"Amazon.co.jpの商品ページの情報をスクレイピングするツールの作成","https://www.lancers.jp/work/work/detail/2955254","ECサイト運用ツール開発/IT・通信・インターネット","プロジェクト","20,000円~50,000円/固定","6","sugacci","8","3.6","Amazon.co.jpの商品ページの情報をスクレイピングするツールの作成"
26,"特定のネットショップの自動購入ツールの制作スクレイピングと自動入力","https://www.lancers.jp/work/work/detail/2948432","Webシステム開発・プログラミング/IT・通信・インターネット","プロジェクト","10,000円~20,000円/固定","8","ムブ","28","5","■依頼の目的・背景現在行っている購入作業を効率化、ミス防止が目的です。プログラミング言語は問いません。selenum（やkataron）などで実現できるのかなと思っております。この他にも効率化、自動化ツールを制作していくのでその後も依頼するつもりです。ご検討よろしくお願い致します。以下、ざっくりしていますが効率化したい作業です。１日200件前後行..."
27,"通販サイトの情報（在庫入荷）等の更新をTwitterでのツイート及びBandへ通知を行う仕組みの仕事","https://www.lancers.jp/work/work/detail/2947841","ソフトウェア・業務システム開発/IT・通信・インターネット","プロジェクト","20,000円~50,000円/固定","3","Aoi0920","2","-","通販サイトの情報（在庫入荷）等の更新をTwitterでのツイート及びBandへ通知を行う仕組みの仕事"
28,"グルメサイトからのデータスクレイピングソフトの開発","https://www.lancers.jp/work/work/detail/2947779","Excelマクロ作成・VBA開発/IT・通信・インターネット","プロジェクト","10,000円~20,000円/固定","9","fact-f","18","3.9","グルメサイトからのデータスクレイピングソフトの開発"
29,"限定公開の仕事","https://www.lancers.jp/work/work/detail/2946837","Webシステム開発・プログラミング/流通・運輸・交通","プロジェクト","200,000円~300,000円/固定","14","","550","4.9","限定公開の仕事"
No,"タイトル","URL","カテゴリー","案件種別","取引条件","提案数","提案者","発注数","評価","説明"
0,"オムニ7APIを使用した在庫あり/なしの取得","https://www.lancers.jp/work/work/detail/2989479","ソフトウェア・業務システム開発/IT・通信・インターネット","プロジェクト","20,000円~50,000円/固定","2","amazon_user","4","5","オムニ7APIを使用した在庫あり/なしの取得"
1,"アマゾン商品ページ情報取得のスクレイピングツール作成の仕事","https://www.lancers.jp/work/work/detail/2988553","ECサイト運用ツール開発/IT・通信・インターネット","プロジェクト","10,000円~20,000円/固定","11","takahiro22","38","4.8","アマゾン商品ページ情報取得のスクレイピングツール作成の仕事"
2,"画像で商品リサーチ一括検索（ExcelエクセルマクロVBAスクレイピングエンジニア","https://www.lancers.jp/work/work/detail/2988167","調査・分析・統計/IT・通信・インターネット","プロジェクト","20,000円~50,000円/固定","1","マサキ物販","59","4.9","■依頼の目的・背景（PCパソコン自動プログラミング手作業ツール）こんにちは、EC物販業を営んでおります。小売りサイトの商品とAmazon.co.jpで一致する商品を探したいです。品番や商品名では一致しないので画像で一致させたいです。Amazonに画像検索機能はありません。Googleの画像検索機能で検索するとAmazonの商品ページが表示され..."
3,"Wordpressの自動投稿(＆動画収集)スクレイピングシステムの仕事","https://www.lancers.jp/work/work/detail/2986385","Webシステム開発・プログラミング/IT・通信・インターネット","プロジェクト","10,000円~20,000円/固定","4","皆本","14","4.7","Wordpressの自動投稿(＆動画収集)スクレイピングシステムの仕事"
4,"1688のスクレイピングソフトの開発(応募に問題があった為、再募集致します)","https://www.lancers.jp/work/work/detail/2985882","Webシステム開発・プログラミング/IT・通信・インターネット","プロジェクト","50,000円~100,000円/固定","5","works_my","5","5","■依頼の目的・背景【概要】下記サンプルURLのサイト商品ページの情報をスクレイピングするソフトの開発をお願いします。※以下内容を必ずご確認の上、ご応募いただきます様お願い致します。・1688のサイトではアカウントを作成するのに中国での電話番号等が必要となりますので・1688に精通している方のみご応募いただきます様お願い致します。サンプルURL----..."
5,"サロンボードのスクレイピング","https://www.lancers.jp/work/work/detail/2985540","Webシステム開発・プログラミング/IT・通信・インターネット","プロジェクト","300,000円~500,000円/固定","18","hinata_aina","3","3.6","サロンボードのスクレイピング"
6,"求人サイトのスクレイピングの仕事","https://www.lancers.jp/work/work/detail/2985451","Webシステム開発・プログラミング/IT・通信・インターネット","プロジェクト","10,000円~20,000円/固定","8","たかぽん","122","4.5","求人サイトのスクレイピングの仕事"
7,"PHPプログラムでのサイト情報取得プロクラムの改修","https://www.lancers.jp/work/work/detail/2985197","ソフトウェア・業務システム開発/IT・通信・インターネット","プロジェクト","20,000円~50,000円/固定","9","amazon_user","4","5","PHPプログラムでのサイト情報取得プロクラムの改修"
8,"Amazon、モノレート、モノゾンからデータを取得するツール","https://www.lancers.jp/work/work/detail/2984421","スクレイピング・データ収集/IT・通信・インターネット","プロジェクト","10,000円~20,000円/固定","5","畑中涼","1","5","Amazon、モノレート、モノゾンからデータを取得するツール"
9,"楽天、yahooモール内に出店している自店とライバル店の価格情報をスクレイピングするプログラムの開発","https://www.lancers.jp/work/work/detail/2982428","Webシステム開発・プログラミング/住宅・不動産","プロジェクト","100,000円~200,000円/固定","19","rpeuier09rtw","17","5","■依頼の目的・背景楽天、yahooモール内に出店している自店とライバル店の価格情報をスクレイピングするプログラムの開発をお願い致します。■分野その他■作業範囲分からないので、相談して決めさせていただければと思います。■用意してあるもの・仕様書・サーバー・ドメイン■参考URLなし■希望開発言語Ruby、PHP、Python、Java、..."
10,"商品リサーチ一括検索（ExcelエクセルマクロVBAスクレイピングエンジニア","https://www.lancers.jp/work/work/detail/2982191","調査・分析・統計/IT・通信・インターネット","プロジェクト","50,000円~100,000円/固定","2","マサキ物販","59","4.9","■依頼の目的・背景（PCパソコン自動プログラミング）こんにちは、EC物販業を営んでいるmasakiです。小売りサイトの商品とAmazon.co.jpで一致する商品を探したいです。品番が無いので小売りサイト（小）の商品とAmazon.co.jp（A）の画像か製品名を抽出して一致させる。（小）と（A）で画像が違う物もあります。小売りサイトの製品名..."
11,"Excelマクロで稼働しているスクレイピングツールと同じ機能のPCインストール型のツールの開発","https://www.lancers.jp/work/work/detail/2981016","Webシステム開発・プログラミング/リサーチ・調査","プロジェクト","50,000円~100,000円/固定","7","NEMOKEN","196","4.9","Excelマクロで稼働しているスクレイピングツールと同じ機能のPCインストール型のツールの開発"
12,"【Mac】商品在庫監視、復活時にツイートするツールの開発","https://www.lancers.jp/work/work/detail/2978830","Macアプリケーション開発/IT・通信・インターネット","プロジェクト","100,000円~200,000円/固定","4","早野友哉","16","4.8","複数のサイト状の商品を監視し、在庫が復活するとツイートするMacのツール開発のお仕事となります。競合サイト参考：https://twitter.com/punpunmaruno【概要】商品URL、復活したらツイートする文言を指定、監視ONを押すと監視スタート。同時に数百個程度のURLを平行して監視できるものを希望しています。また、ツイートする文言には「..."
13,"Uipathマクロの連携","https://www.lancers.jp/work/work/detail/2974648","ソフトウェア・業務システム開発/IT・通信・インターネット","プロジェクト","5,000円~10,000円/固定","5","ムブ","28","5","■依頼の目的・背景Uipathの開発可能現在、Uipath→マクロ１→マクロ２→スプレッドシートアドオンでの業務をしています。上記の業務をUipathで全体を実行現在のUipathのシナリオを機能拡張したく思っております。現在行っている作業と作業をつなぎあわせてほしいです。UipathでCSVファイルを複数取得マクロ１で複数ファイルを選択..."
14,"WordPressに自動投稿するスクレイピングツール作成の仕事","https://www.lancers.jp/work/work/detail/2974035","Webシステム開発・プログラミング/IT・通信・インターネット","プロジェクト","50,000円~100,000円/固定","13","saito_0831","4","5","■依頼の目的・背景当案件をご覧いただき、誠にありがとうございます。複数サイトを入力したサイトからキーワードをスクレイピングしていただきその情報を任意のキーワードに変換していただき自動でWordpressに記事投稿、下書き状態にするツールを開発するお仕事です。目的のサイトは、ホスラブ爆さいしたらば上記の掲示板になります。ベースになるサービスをお..."
15,"スクレイピングで在庫監視、商品が復活したら自動でツイートするツールの製作に対する提案","https://www.lancers.jp/work/work/detail/2973517","Webシステム開発・プログラミング/IT・通信・インターネット","プロジェクト","20,000円~50,000円/固定","4","kakaotalk","-","-","スクレイピングで在庫監視、商品が復活したら自動でツイートするツールの製作に対する提案"
16,"AmazonアソシエイトPAAPIを利用して、任意検索商品におけるRSS出力ツールの作成","https://www.lancers.jp/work/work/detail/2971416","Webシステム開発・プログラミング/IT・通信・インターネット","プロジェクト","20,000円~50,000円/固定","4","wp0060065","1","-","■依頼の目的・背景■概要：AmazonアソシエイトPAAPIを使って、任意検索商品におけるRSS出力ツールの開発■目的出力したRSSを使って、wordpresr上にHTML表示させたい??仕様(希望)・任意検索による特定商品の新着、売上、予約のRSSの出力・表示項目として、商品名、商品画像、容量、価格、送料、販売会社名の表示項目選択可能な機能..."
17,"楽天市場から画像URLを抽出するVBA/API等","https://www.lancers.jp/work/work/detail/2969444","Excelマクロ作成・VBA開発/IT・通信・インターネット","プロジェクト","6,000円~7,000円/募集期間5日、取引期間2日","15","wakiwaki","2","-","ご覧いただきありがとうございます。１．楽天市場の商品ページURLがA列に存在２．実行すると商品ページの画像リンクをすべて抽出３．画像のリンク毎にセルを使用します・仕上がりイメージhttps://gyazo.com/bf9afb97b2c874d4ddbb4f1eb5b4c4ad抽出についてはAPI利用、スクレイピング等はお任せします。楽天APIは所..."
18,"1688のスクレイピングソフトの開発(2020/04/29内容詳細更新)","https://www.lancers.jp/work/work/detail/2969143","Webシステム開発・プログラミング/IT・通信・インターネット","プロジェクト","50,000円~100,000円/固定","23","works_my","5","5","1688のスクレイピングソフトの開発(2020/04/29内容詳細更新)"
19,"Amazon商品リサーチ一括検索（ExcelエクセルマクロVBAスクレイピングエンジニア","https://www.lancers.jp/work/work/detail/2964606","調査・分析・統計/IT・通信・インターネット","プロジェクト","5,000円~6,000円/募集期間3日、取引期間3日","5","マサキ物販","59","4.9","■依頼の目的・背景こんにちは、EC物販業を営んでいる藤田です。Amazonの商品リサーチ検索を依頼したいです。当方の手元に仕入れ先のJANコードと価格表があります。AmazonでJANコードを元に商品を検索商品URLと商品価格と売れ筋ランキングを抽出したいです。よろしくお願い致します。■作業数1080"
20,"Amazonページからwebスクレイピングなどを使って商品ページ、レビューの情報を取得する","https://www.lancers.jp/work/work/detail/2961626","Excelマクロ作成・VBA開発/IT・通信・インターネット","プロジェクト","20,000円~50,000円/固定","9","takahey","8","5","Amazonページからwebスクレイピングなどを使って商品ページ、レビューの情報を取得する"
21,"ツール開発メルカリ楽天市場ラクマなどスクレイピングURL抽出","https://www.lancers.jp/work/work/detail/2961576","ECサイト運用ツール開発/IT・通信・インターネット","プロジェクト","5,000円~10,000円/固定","3","must1989","2","5","メルカリ楽天市場ラクマなどのログイン後のページから、"良いね”や”お気に入り”したURLを一括で抽出できるプログラムを作成してもらいたいと考えています。当方専門的な知識は全くありません。ただ、ネットショップに商品を登録する上で、作業を効率化したいという理由で応募しました。なのであまり専門的な事は分かりませんが、出来るだけ詳しく仕様について説明したいと思います。..."
22,"特定サイトの情報をスクレイピングしてスプレッドシートに転記","https://www.lancers.jp/work/work/detail/2958719","Webシステム開発・プログラミング/IT・通信・インターネット","プロジェクト","5,000円~10,000円/固定","6","ムブ","28","5","■依頼の目的・背景ログインが必要な管理システム(ロボットチェックなし)の情報をスクレイピング集計し、スプレッドシートに転記→毎日AM4時に実行管理システム内の商品ステータスの抽出→集計→スプレッドシートに転記管理システム内の「商品一覧ページ」に入り商品の全件表示(リスト形式でクリックしてリストが展開、ALLを選択)表示された全件の商品ステータスをスクレイ..."
23,"WEBサイトスクレイピングシステムの開発","https://www.lancers.jp/work/work/detail/2957873","ソフトウェア・業務システム開発/IT・通信・インターネット","プロジェクト","300,000円~500,000円/固定","28","合同会社マーケティングデパートメント","1","-","WEBサイトスクレイピングシステムの開発"
24,"サイト情報のスクレイピング","https://www.lancers.jp/work/work/detail/2955614","データ収集・入力・リスト作成/IT・通信・インターネット","プロジェクト","50,000円~100,000円/固定","20","Ykanaya","-","1","サイト情報のスクレイピング"
25,"Amazon.co.jpの商品ページの情報をスクレイピングするツールの作成","https://www.lancers.jp/work/work/detail/2955254","ECサイト運用ツール開発/IT・通信・インターネット","プロジェクト","20,000円~50,000円/固定","6","sugacci","8","3.6","Amazon.co.jpの商品ページの情報をスクレイピングするツールの作成"
26,"特定のネットショップの自動購入ツールの制作スクレイピングと自動入力","https://www.lancers.jp/work/work/detail/2948432","Webシステム開発・プログラミング/IT・通信・インターネット","プロジェクト","10,000円~20,000円/固定","8","ムブ","28","5","■依頼の目的・背景現在行っている購入作業を効率化、ミス防止が目的です。プログラミング言語は問いません。selenum（やkataron）などで実現できるのかなと思っております。この他にも効率化、自動化ツールを制作していくのでその後も依頼するつもりです。ご検討よろしくお願い致します。以下、ざっくりしていますが効率化したい作業です。１日200件前後行..."
27,"通販サイトの情報（在庫入荷）等の更新をTwitterでのツイート及びBandへ通知を行う仕組みの仕事","https://www.lancers.jp/work/work/detail/2947841","ソフトウェア・業務システム開発/IT・通信・インターネット","プロジェクト","20,000円~50,000円/固定","3","Aoi0920","2","-","通販サイトの情報（在庫入荷）等の更新をTwitterでのツイート及びBandへ通知を行う仕組みの仕事"
28,"グルメサイトからのデータスクレイピングソフトの開発","https://www.lancers.jp/work/work/detail/2947779","Excelマクロ作成・VBA開発/IT・通信・インターネット","プロジェクト","10,000円~20,000円/固定","9","fact-f","18","3.9","グルメサイトからのデータスクレイピングソフトの開発"
29,"限定公開の仕事","https://www.lancers.jp/work/work/detail/2946837","Webシステム開発・プログラミング/流通・運輸・交通","プロジェクト","200,000円~300,000円/固定","14","","550","4.9","限定公開の仕事"
0,"株(投資)の統計分析ができるプログラマーを募集します。","https://www.lancers.jp/work/work/detail/2946732","分析・統計・シミュレーション/IT・通信・インターネット","プロジェクト","~5,000円/固定","0","tasuxilea","7","5","■依頼の目的・背景株の統計分析ができるプログラマーを募集します。株の自動売買をおこなうソフトを作成したいと思っています。わたしは現在、競馬の統計データから馬の期待度を数値化し、自動的に馬券購入をおこなうというソフトを作成し利用しています。200万円からスタートし、6ヶ月で900万円にすることができました。（エビデンスあり）複利の力を最大限に利用できていま..."
1,"Amazonの商品リサーチ検索（スクレイピング・在宅・副業）","https://www.lancers.jp/work/work/detail/2942961","調査・分析・統計/スポーツ・フィットネス","プロジェクト","3,000円~4,000円/募集期間3日、取引期間3日","1","マサキ物販","59","4.9","■依頼の目的・背景こんにちは、EC物販業を営んでいる藤田です。Amazonの商品リサーチ検索を依頼したいです。スクレイピング・手作業など方法はお任せ致します。【条件】1.amazonに商品ページあり（商品名に代理店の記載があって出品者が1名の場合は不可）2.Amazon本体とメーカー直接が出品している商品は不可（名前が違っても住所がHPど同一の場合な..."
2,"全国のダンススクール／スタジオのURL収集","https://www.lancers.jp/work/work/detail/2940001","データ収集・入力・リスト作成/リサーチ・調査","プロジェクト","5,000円~6,000円/募集期間5日、取引期間12日","18","Yoga","4","4.7","全国のダンススクール／スタジオのURL収集"
3,"Amazonの商品リサーチ検索（スクレイピング・在宅・副業）","https://www.lancers.jp/work/work/detail/2938921","調査・分析・統計/スポーツ・フィットネス","プロジェクト","3,000円~4,000円/募集期間3日、取引期間4日","2","マサキ物販","59","4.9","■依頼の目的・背景こんにちは、EC物販業を営んでいる藤田です。Amazonの商品リサーチ検索を依頼したいです。スクレイピング・手作業など方法はお任せ致します。【条件】1.amazonに商品ページあり（商品名に代理店の記載があって出品者が1名の場合は不可）2.Amazon本体とメーカー直接が出品している商品は不可（名前が違っても住所がHPど同一の場合な..."
4,"不動産サイトをスクレイピング・クローリングしてＣＳＶ出力、DB化するツール開発","https://www.lancers.jp/work/work/detail/2938350","Webシステム開発・プログラミング/IT・通信・インターネット","プロジェクト","20,000円~50,000円/固定","16","石渡貴史","5","3.8","不動産サイトをスクレイピング・クローリングしてＣＳＶ出力、DB化するツール開発"
5,"TradingViewで使えるインジケーター作成","https://www.lancers.jp/work/work/detail/2937678","株・FX・仮想通貨ツール開発/IT・通信・インターネット","プロジェクト","50,000円~100,000円/固定","1","ZeniphusEducation","1","1","TradingViewで使えるインジケーター作成"
6,"（MicrosoftFlow／PowerAutomateによる）MS-Teamsチャット自動投稿","https://www.lancers.jp/work/work/detail/2937271","Webシステム開発・プログラミング/IT・通信・インターネット","プロジェクト","5,000円~10,000円/固定","2","tasuzuki0803","11","5","（MicrosoftFlow／PowerAutomateによる）MS-Teamsチャット自動投稿"
7,"youtubeのデータを集めてスプレッドシートに反映するシステムの開発のお仕事です。","https://www.lancers.jp/work/work/detail/2933722","Webシステム開発・プログラミング/IT・通信・インターネット","プロジェクト","5,000円~10,000円/固定","3","tmr94","-","-","■依頼の目的・背景当案件をご覧いただきましてありがとうございます。【概要】youtubeのデータを集めてスプレッドシートに反映するシステムの開発をお願いします。【依頼内容】特定のyoutubeのURLをスプレッドシートに入力すると、下記の情報を抜き出してシートに反映してくれるシステムを開発していただきたいです。欲しい情報・チャンネルのタイトル..."
8,"限定公開の仕事","https://www.lancers.jp/work/work/detail/2932891","Webシステム開発・プログラミング/IT・通信・インターネット","プロジェクト","20,000円~30,000円/募集期間5日、取引期間0日","6","","550","4.9","限定公開の仕事"
9,"株(投資)の統計分析ができるプログラマーを募集します。","https://www.lancers.jp/work/work/detail/2932369","Webシステム開発・プログラミング/IT・通信・インターネット","プロジェクト","~5,000円/固定","8","tasuxilea","7","5","■依頼の目的・背景株の統計分析ができるプログラマーを募集します。株の自動売買をおこなうソフトを作成したいと思っています。わたしは現在、競馬の統計データから馬の期待度を数値化し、自動的に馬券購入をおこなうというソフトを作成し利用しています。200万円からスタートし、6ヶ月で900万円にすることができました。（エビデンスあり）複利の力を最大限に利用できていま..."
10,"株(投資)の統計分析ができるプログラマーを募集します","https://www.lancers.jp/work/work/detail/2932345","データ分析・統計解析/IT・通信・インターネット","プロジェクト","~5,000円/固定","0","tasuxilea","7","5","株の統計分析ができるプログラマーを募集します。株の自動売買をおこなうソフトを作成したいと思っています。わたしは現在、競馬の統計データから馬の期待度を数値化し、自動的に馬券購入をおこなうというソフトを作成し利用しています。200万円からスタートし、6ヶ月で900万円にすることができました。（エビデンスあり）複利の力を最大限に利用できています。競馬は土日し..."
11,"【Python】5ちゃんねる過去ログ情報をスクレイピング","https://www.lancers.jp/work/work/detail/2931829","Webシステム開発・プログラミング/IT・通信・インターネット","プロジェクト","2,000円~3,000円/募集期間5日、取引期間8日","5","ビジネスマン","9","4.6","【Python】5ちゃんねる過去ログ情報をスクレイピング"
12,"Pythonで複数のURLから表を取得して、整形、データ集計、それをグラフ化してほしい","https://www.lancers.jp/work/work/detail/2930547","Webシステム開発・プログラミング/IT・通信・インターネット","プロジェクト","40,000円~50,000円/募集期間5日、取引期間2日","5","ネオンライト","378","4.9","■依頼の目的・背景Pythonで数十ほどのURLをスクレイピングして、表を取得、そのデータを集計→グラフ化していただきたいです。URLごとの表の数と位置にはある程度規則性があります。【報酬】15000円【納期】エスクローより5日以内以上となります。皆様のご提案お待ちしております。■分野その他■作業範囲分からないので..."
13,"Amazonの商品リサーチ検索","https://www.lancers.jp/work/work/detail/2928646","調査・分析・統計/スポーツ・フィットネス","プロジェクト","1,000円~2,000円/募集期間3日、取引期間5日","1","マサキ物販","59","4.9","■依頼の目的・背景こんにちは、EC物販業を営んでいる藤田です。Amazonの商品リサーチ検索を依頼したいです。スクレイピング・手作業など方法はお任せ致します。【条件】・Amazon本体が扱っていない商品・海外メーカー商品（日本国内にHPが無く海外HPのみ）・カテゴリ：フィットネス・トレーニング以上の条件になります。わからない事は質問くださ..."
14,"Amazonの商品リサーチ検索（スクレイピング・在宅・副業）","https://www.lancers.jp/work/work/detail/2927610","調査・分析・統計/スポーツ・フィットネス","プロジェクト","3,000円~4,000円/募集期間3日、取引期間6日","1","マサキ物販","59","4.9","■依頼の目的・背景こんにちは、EC物販業を営んでいる藤田です。Amazonの商品リサーチ検索を依頼したいです。スクレイピング・手作業など方法はお任せ致します。【条件】ズバリ！利益の出る商品を探して欲しいです。1.amazonに商品ページあり（代理店の記載があり出品者が1名の場合は不可）2.Amazon本体とメーカー直接が出品している商品は不可3...."
15,"Amazon.comの商品リサーチ検索","https://www.lancers.jp/work/work/detail/2926055","調査・分析・統計/スポーツ・フィットネス","プロジェクト","1,000円~2,000円/募集期間3日、取引期間7日","2","マサキ物販","59","4.9","■依頼の目的・背景こんにちは、EC物販業を営んでいる藤田です。Amazon.com（アメリカ）の商品リサーチ検索を依頼したいです。スクレイピング・手作業など方法はお任せ致します。【条件】・日本のAmazonでも販売している商品（商品画像・商品名・ASINで判断ください。）・日本のAmazon本体が扱っていない商品・日本国内にHPが無いメーカー・カ..."
16,"Amazonの商品リサーチ検索","https://www.lancers.jp/work/work/detail/2926043","調査・分析・統計/スポーツ・フィットネス","プロジェクト","1,000円~2,000円/募集期間3日、取引期間0日","1","マサキ物販","59","4.9","■依頼の目的・背景こんにちは、EC物販業を営んでいる藤田です。Amazonの商品リサーチ検索を依頼したいです。スクレイピング・手作業など方法はお任せ致します。【条件】・Amazon本体が扱っていない商品・海外メーカー商品（日本国内にHPが無く海外HPのみ）・カテゴリ：フィットネス・トレーニング以上の条件になります。わからない事は質問くださ..."
17,"TradingViewスクレイピングにて取得した情報を元にラインを引く","https://www.lancers.jp/work/work/detail/2923342","ソフトウェア・業務システム開発/IT・通信・インターネット","プロジェクト","50,000円~100,000円/固定","5","ZeniphusEducation","1","1","TradingViewスクレイピングにて取得した情報を元にラインを引く"
18,"【継続発注】ExcelVBAでのスクレイピング開発","https://www.lancers.jp/work/work/detail/2918734","Excelマクロ作成・VBA開発/IT・通信・インターネット","プロジェクト","5,000円~6,000円/募集期間7日、取引期間0日","25","budouworks","58","5","VBA・マクロを使ったスクレイピング開発を手伝ってくださるエンジニアの方を募集します。お仕事の詳細：▽VBA・マクロ開発の目的・概要【VBA・マクロ開発の目的・概要】仕様はご連絡いただければお渡しいたしますのでお見積からいただければと思います。過去にエクセルマクロでの開発実績の経験のある人に優先的にご依頼させていただきます..."
19,"スクレイピングのシステム","https://www.lancers.jp/work/work/detail/2917365","Webシステム開発・プログラミング/IT・通信・インターネット","プロジェクト","50,000円~100,000円/固定","34","smilekao","4","5","■依頼の目的・背景以下のサイトのスクレイピングをお願いします。レコードは100万件以上になると思います。他のプログラマからは、ページがjavascriptで作ってあり、ソースに情報が出ないようにしてあるのと、ログインが必要な項目があるので、厳しそうです。と言われています。ログインは、手動でもOKです。https://www.acsea..."
20,"WEBサイトのスクレイピング","https://www.lancers.jp/work/work/detail/2912650","Webシステム開発・プログラミング/人材紹介・人材派遣","プロジェクト","50,000円~100,000円/固定","33","ランサーズ戦士","6","4.7","WEBサイトのスクレイピング"
21,"旅行サイトのスクレイピング","https://www.lancers.jp/work/work/detail/2911286","Webシステム開発・プログラミング/IT・通信・インターネット","プロジェクト","100,000円~200,000円/募集期間5日、取引期間39日","33","セカンドアクト株式会社","3","5","旅行サイトのスクレイピング"
22,"RubyonRailsを使ったスクレイピングシステムの構築をお願いします。","https://www.lancers.jp/work/work/detail/2908104","Webシステム開発・プログラミング/IT・通信・インターネット","プロジェクト","5,000円~6,000円/募集期間5日、取引期間7日","9","WorthLiving","306","4.8","RubyonRailsを使ったスクレイピングシステムの構築をお願いします。"
23,"youtubeのデーターを集めてスプレッドシートに反映するシステムの開発","https://www.lancers.jp/work/work/detail/2907723","Webシステム開発・プログラミング/IT・通信・インターネット","プロジェクト","4,000円~5,000円/募集期間4日、取引期間7日","30","youtubeman2","1","5","youtubeのデーターを集めてスプレッドシートに反映するシステムの開発"
24,"【急募】データの抽出クローリング・スクレイピングの仕事","https://www.lancers.jp/work/work/detail/2901749","Windowsアプリケーション開発/卸売・小売","プロジェクト","10,000円~20,000円/募集期間1日、取引期間0日","3","toreichi","4","5","【急募】データの抽出クローリング・スクレイピングの仕事"
25,"nodejs+puppeteerでwebサイトのログイン突破","https://www.lancers.jp/work/work/detail/2900472","Webシステム開発・プログラミング/IT・通信・インターネット","プロジェクト","50,000円~100,000円/固定","6","yuji_390","62","4.4","nodejs+puppeteerでwebサイトのログイン突破"
26,"【Webスクレイピング・報酬額要相談】ＥＣサイトでの情報収集に係るプログラミング","https://www.lancers.jp/work/work/detail/2897957","Webシステム開発・プログラミング/IT・通信・インターネット","プロジェクト","10,000円~20,000円/固定","11","kahoo0237anna","13","4.2","【Webスクレイピング・報酬額要相談】ＥＣサイトでの情報収集に係るプログラミング"
27,"データ入力作業・スクレイピングのお願い","https://www.lancers.jp/work/work/detail/2894110","データ収集・入力・リスト作成/士業（個人事務所）","プロジェクト","20,000円~30,000円/募集期間5日、取引期間18日","51","edbaqua","29","4.8","データ入力作業・スクレイピングのお願い"
28,"GCP上のwebシステム（Django+Postgres+Plotly）の改修案件","https://www.lancers.jp/work/work/detail/2889178","Webシステム開発・プログラミング/IT・通信・インターネット","プロジェクト","100,000円~200,000円/募集期間3日、取引期間11日","4","ろーいん","11","4.8","GCP上のwebシステム（Django+Postgres+Plotly）の改修案件"
29,"商品データのスクレイピングシステムの開発の仕事","https://www.lancers.jp/work/work/detail/2887841","ソフトウェア・業務システム開発/IT・通信・インターネット","プロジェクト","10,000円~20,000円/固定","22","tmotoki33","3","5","商品データのスクレイピングシステムの開発の仕事"
No,"タイトル","URL","カテゴリー","案件種別","取引条件","提案数","提案者","発注数","評価","説明"
0,"オムニ7APIを使用した在庫あり/なしの取得","https://www.lancers.jp/work/work/detail/2989479","ソフトウェア・業務システム開発/IT・通信・インターネット","プロジェクト","20,000円~50,000円/固定","2","amazon_user","4","5","オムニ7APIを使用した在庫あり/なしの取得"
1,"アマゾン商品ページ情報取得のスクレイピングツール作成の仕事","https://www.lancers.jp/work/work/detail/2988553","ECサイト運用ツール開発/IT・通信・インターネット","プロジェクト","10,000円~20,000円/固定","11","takahiro22","38","4.8","アマゾン商品ページ情報取得のスクレイピングツール作成の仕事"
2,"画像で商品リサーチ一括検索（ExcelエクセルマクロVBAスクレイピングエンジニア","https://www.lancers.jp/work/work/detail/2988167","調査・分析・統計/IT・通信・インターネット","プロジェクト","20,000円~50,000円/固定","1","マサキ物販","59","4.9","■依頼の目的・背景（PCパソコン自動プログラミング手作業ツール）こんにちは、EC物販業を営んでおります。小売りサイトの商品とAmazon.co.jpで一致する商品を探したいです。品番や商品名では一致しないので画像で一致させたいです。Amazonに画像検索機能はありません。Googleの画像検索機能で検索するとAmazonの商品ページが表示され..."
3,"Wordpressの自動投稿(＆動画収集)スクレイピングシステムの仕事","https://www.lancers.jp/work/work/detail/2986385","Webシステム開発・プログラミング/IT・通信・インターネット","プロジェクト","10,000円~20,000円/固定","4","皆本","14","4.7","Wordpressの自動投稿(＆動画収集)スクレイピングシステムの仕事"
4,"1688のスクレイピングソフトの開発(応募に問題があった為、再募集致します)","https://www.lancers.jp/work/work/detail/2985882","Webシステム開発・プログラミング/IT・通信・インターネット","プロジェクト","50,000円~100,000円/固定","5","works_my","5","5","■依頼の目的・背景【概要】下記サンプルURLのサイト商品ページの情報をスクレイピングするソフトの開発をお願いします。※以下内容を必ずご確認の上、ご応募いただきます様お願い致します。・1688のサイトではアカウントを作成するのに中国での電話番号等が必要となりますので・1688に精通している方のみご応募いただきます様お願い致します。サンプルURL----..."
5,"サロンボードのスクレイピング","https://www.lancers.jp/work/work/detail/2985540","Webシステム開発・プログラミング/IT・通信・インターネット","プロジェクト","300,000円~500,000円/固定","18","hinata_aina","3","3.6","サロンボードのスクレイピング"
6,"求人サイトのスクレイピングの仕事","https://www.lancers.jp/work/work/detail/2985451","Webシステム開発・プログラミング/IT・通信・インターネット","プロジェクト","10,000円~20,000円/固定","8","たかぽん","122","4.5","求人サイトのスクレイピングの仕事"
7,"PHPプログラムでのサイト情報取得プロクラムの改修","https://www.lancers.jp/work/work/detail/2985197","ソフトウェア・業務システム開発/IT・通信・インターネット","プロジェクト","20,000円~50,000円/固定","9","amazon_user","4","5","PHPプログラムでのサイト情報取得プロクラムの改修"
8,"Amazon、モノレート、モノゾンからデータを取得するツール","https://www.lancers.jp/work/work/detail/2984421","スクレイピング・データ収集/IT・通信・インターネット","プロジェクト","10,000円~20,000円/固定","5","畑中涼","1","5","Amazon、モノレート、モノゾンからデータを取得するツール"
9,"楽天、yahooモール内に出店している自店とライバル店の価格情報をスクレイピングするプログラムの開発","https://www.lancers.jp/work/work/detail/2982428","Webシステム開発・プログラミング/住宅・不動産","プロジェクト","100,000円~200,000円/固定","19","rpeuier09rtw","17","5","■依頼の目的・背景楽天、yahooモール内に出店している自店とライバル店の価格情報をスクレイピングするプログラムの開発をお願い致します。■分野その他■作業範囲分からないので、相談して決めさせていただければと思います。■用意してあるもの・仕様書・サーバー・ドメイン■参考URLなし■希望開発言語Ruby、PHP、Python、Java、..."
10,"商品リサーチ一括検索（ExcelエクセルマクロVBAスクレイピングエンジニア","https://www.lancers.jp/work/work/detail/2982191","調査・分析・統計/IT・通信・インターネット","プロジェクト","50,000円~100,000円/固定","2","マサキ物販","59","4.9","■依頼の目的・背景（PCパソコン自動プログラミング）こんにちは、EC物販業を営んでいるmasakiです。小売りサイトの商品とAmazon.co.jpで一致する商品を探したいです。品番が無いので小売りサイト（小）の商品とAmazon.co.jp（A）の画像か製品名を抽出して一致させる。（小）と（A）で画像が違う物もあります。小売りサイトの製品名..."
11,"Excelマクロで稼働しているスクレイピングツールと同じ機能のPCインストール型のツールの開発","https://www.lancers.jp/work/work/detail/2981016","Webシステム開発・プログラミング/リサーチ・調査","プロジェクト","50,000円~100,000円/固定","7","NEMOKEN","196","4.9","Excelマクロで稼働しているスクレイピングツールと同じ機能のPCインストール型のツールの開発"
12,"【Mac】商品在庫監視、復活時にツイートするツールの開発","https://www.lancers.jp/work/work/detail/2978830","Macアプリケーション開発/IT・通信・インターネット","プロジェクト","100,000円~200,000円/固定","4","早野友哉","16","4.8","複数のサイト状の商品を監視し、在庫が復活するとツイートするMacのツール開発のお仕事となります。競合サイト参考：https://twitter.com/punpunmaruno【概要】商品URL、復活したらツイートする文言を指定、監視ONを押すと監視スタート。同時に数百個程度のURLを平行して監視できるものを希望しています。また、ツイートする文言には「..."
13,"Uipathマクロの連携","https://www.lancers.jp/work/work/detail/2974648","ソフトウェア・業務システム開発/IT・通信・インターネット","プロジェクト","5,000円~10,000円/固定","5","ムブ","28","5","■依頼の目的・背景Uipathの開発可能現在、Uipath→マクロ１→マクロ２→スプレッドシートアドオンでの業務をしています。上記の業務をUipathで全体を実行現在のUipathのシナリオを機能拡張したく思っております。現在行っている作業と作業をつなぎあわせてほしいです。UipathでCSVファイルを複数取得マクロ１で複数ファイルを選択..."
14,"WordPressに自動投稿するスクレイピングツール作成の仕事","https://www.lancers.jp/work/work/detail/2974035","Webシステム開発・プログラミング/IT・通信・インターネット","プロジェクト","50,000円~100,000円/固定","13","saito_0831","4","5","■依頼の目的・背景当案件をご覧いただき、誠にありがとうございます。複数サイトを入力したサイトからキーワードをスクレイピングしていただきその情報を任意のキーワードに変換していただき自動でWordpressに記事投稿、下書き状態にするツールを開発するお仕事です。目的のサイトは、ホスラブ爆さいしたらば上記の掲示板になります。ベースになるサービスをお..."
15,"スクレイピングで在庫監視、商品が復活したら自動でツイートするツールの製作に対する提案","https://www.lancers.jp/work/work/detail/2973517","Webシステム開発・プログラミング/IT・通信・インターネット","プロジェクト","20,000円~50,000円/固定","4","kakaotalk","-","-","スクレイピングで在庫監視、商品が復活したら自動でツイートするツールの製作に対する提案"
16,"AmazonアソシエイトPAAPIを利用して、任意検索商品におけるRSS出力ツールの作成","https://www.lancers.jp/work/work/detail/2971416","Webシステム開発・プログラミング/IT・通信・インターネット","プロジェクト","20,000円~50,000円/固定","4","wp0060065","1","-","■依頼の目的・背景■概要：AmazonアソシエイトPAAPIを使って、任意検索商品におけるRSS出力ツールの開発■目的出力したRSSを使って、wordpresr上にHTML表示させたい??仕様(希望)・任意検索による特定商品の新着、売上、予約のRSSの出力・表示項目として、商品名、商品画像、容量、価格、送料、販売会社名の表示項目選択可能な機能..."
17,"楽天市場から画像URLを抽出するVBA/API等","https://www.lancers.jp/work/work/detail/2969444","Excelマクロ作成・VBA開発/IT・通信・インターネット","プロジェクト","6,000円~7,000円/募集期間5日、取引期間2日","15","wakiwaki","2","-","ご覧いただきありがとうございます。１．楽天市場の商品ページURLがA列に存在２．実行すると商品ページの画像リンクをすべて抽出３．画像のリンク毎にセルを使用します・仕上がりイメージhttps://gyazo.com/bf9afb97b2c874d4ddbb4f1eb5b4c4ad抽出についてはAPI利用、スクレイピング等はお任せします。楽天APIは所..."
18,"1688のスクレイピングソフトの開発(2020/04/29内容詳細更新)","https://www.lancers.jp/work/work/detail/2969143","Webシステム開発・プログラミング/IT・通信・インターネット","プロジェクト","50,000円~100,000円/固定","23","works_my","5","5","1688のスクレイピングソフトの開発(2020/04/29内容詳細更新)"
19,"Amazon商品リサーチ一括検索（ExcelエクセルマクロVBAスクレイピングエンジニア","https://www.lancers.jp/work/work/detail/2964606","調査・分析・統計/IT・通信・インターネット","プロジェクト","5,000円~6,000円/募集期間3日、取引期間3日","5","マサキ物販","59","4.9","■依頼の目的・背景こんにちは、EC物販業を営んでいる藤田です。Amazonの商品リサーチ検索を依頼したいです。当方の手元に仕入れ先のJANコードと価格表があります。AmazonでJANコードを元に商品を検索商品URLと商品価格と売れ筋ランキングを抽出したいです。よろしくお願い致します。■作業数1080"
20,"Amazonページからwebスクレイピングなどを使って商品ページ、レビューの情報を取得する","https://www.lancers.jp/work/work/detail/2961626","Excelマクロ作成・VBA開発/IT・通信・インターネット","プロジェクト","20,000円~50,000円/固定","9","takahey","8","5","Amazonページからwebスクレイピングなどを使って商品ページ、レビューの情報を取得する"
21,"ツール開発メルカリ楽天市場ラクマなどスクレイピングURL抽出","https://www.lancers.jp/work/work/detail/2961576","ECサイト運用ツール開発/IT・通信・インターネット","プロジェクト","5,000円~10,000円/固定","3","must1989","2","5","メルカリ楽天市場ラクマなどのログイン後のページから、"良いね”や”お気に入り”したURLを一括で抽出できるプログラムを作成してもらいたいと考えています。当方専門的な知識は全くありません。ただ、ネットショップに商品を登録する上で、作業を効率化したいという理由で応募しました。なのであまり専門的な事は分かりませんが、出来るだけ詳しく仕様について説明したいと思います。..."
22,"特定サイトの情報をスクレイピングしてスプレッドシートに転記","https://www.lancers.jp/work/work/detail/2958719","Webシステム開発・プログラミング/IT・通信・インターネット","プロジェクト","5,000円~10,000円/固定","6","ムブ","28","5","■依頼の目的・背景ログインが必要な管理システム(ロボットチェックなし)の情報をスクレイピング集計し、スプレッドシートに転記→毎日AM4時に実行管理システム内の商品ステータスの抽出→集計→スプレッドシートに転記管理システム内の「商品一覧ページ」に入り商品の全件表示(リスト形式でクリックしてリストが展開、ALLを選択)表示された全件の商品ステータスをスクレイ..."
23,"WEBサイトスクレイピングシステムの開発","https://www.lancers.jp/work/work/detail/2957873","ソフトウェア・業務システム開発/IT・通信・インターネット","プロジェクト","300,000円~500,000円/固定","28","合同会社マーケティングデパートメント","1","-","WEBサイトスクレイピングシステムの開発"
24,"サイト情報のスクレイピング","https://www.lancers.jp/work/work/detail/2955614","データ収集・入力・リスト作成/IT・通信・インターネット","プロジェクト","50,000円~100,000円/固定","20","Ykanaya","-","1","サイト情報のスクレイピング"
25,"Amazon.co.jpの商品ページの情報をスクレイピングするツールの作成","https://www.lancers.jp/work/work/detail/2955254","ECサイト運用ツール開発/IT・通信・インターネット","プロジェクト","20,000円~50,000円/固定","6","sugacci","8","3.6","Amazon.co.jpの商品ページの情報をスクレイピングするツールの作成"
26,"特定のネットショップの自動購入ツールの制作スクレイピングと自動入力","https://www.lancers.jp/work/work/detail/2948432","Webシステム開発・プログラミング/IT・通信・インターネット","プロジェクト","10,000円~20,000円/固定","8","ムブ","28","5","■依頼の目的・背景現在行っている購入作業を効率化、ミス防止が目的です。プログラミング言語は問いません。selenum（やkataron）などで実現できるのかなと思っております。この他にも効率化、自動化ツールを制作していくのでその後も依頼するつもりです。ご検討よろしくお願い致します。以下、ざっくりしていますが効率化したい作業です。１日200件前後行..."
27,"通販サイトの情報（在庫入荷）等の更新をTwitterでのツイート及びBandへ通知を行う仕組みの仕事","https://www.lancers.jp/work/work/detail/2947841","ソフトウェア・業務システム開発/IT・通信・インターネット","プロジェクト","20,000円~50,000円/固定","3","Aoi0920","2","-","通販サイトの情報（在庫入荷）等の更新をTwitterでのツイート及びBandへ通知を行う仕組みの仕事"
28,"グルメサイトからのデータスクレイピングソフトの開発","https://www.lancers.jp/work/work/detail/2947779","Excelマクロ作成・VBA開発/IT・通信・インターネット","プロジェクト","10,000円~20,000円/固定","9","fact-f","18","3.9","グルメサイトからのデータスクレイピングソフトの開発"
29,"限定公開の仕事","https://www.lancers.jp/work/work/detail/2946837","Webシステム開発・プログラミング/流通・運輸・交通","プロジェクト","200,000円~300,000円/固定","14","","550","4.9","限定公開の仕事"
0,"株(投資)の統計分析ができるプログラマーを募集します。","https://www.lancers.jp/work/work/detail/2946732","分析・統計・シミュレーション/IT・通信・インターネット","プロジェクト","~5,000円/固定","0","tasuxilea","7","5","■依頼の目的・背景株の統計分析ができるプログラマーを募集します。株の自動売買をおこなうソフトを作成したいと思っています。わたしは現在、競馬の統計データから馬の期待度を数値化し、自動的に馬券購入をおこなうというソフトを作成し利用しています。200万円からスタートし、6ヶ月で900万円にすることができました。（エビデンスあり）複利の力を最大限に利用できていま..."
1,"Amazonの商品リサーチ検索（スクレイピング・在宅・副業）","https://www.lancers.jp/work/work/detail/2942961","調査・分析・統計/スポーツ・フィットネス","プロジェクト","3,000円~4,000円/募集期間3日、取引期間3日","1","マサキ物販","59","4.9","■依頼の目的・背景こんにちは、EC物販業を営んでいる藤田です。Amazonの商品リサーチ検索を依頼したいです。スクレイピング・手作業など方法はお任せ致します。【条件】1.amazonに商品ページあり（商品名に代理店の記載があって出品者が1名の場合は不可）2.Amazon本体とメーカー直接が出品している商品は不可（名前が違っても住所がHPど同一の場合な..."
2,"全国のダンススクール／スタジオのURL収集","https://www.lancers.jp/work/work/detail/2940001","データ収集・入力・リスト作成/リサーチ・調査","プロジェクト","5,000円~6,000円/募集期間5日、取引期間12日","18","Yoga","4","4.7","全国のダンススクール／スタジオのURL収集"
3,"Amazonの商品リサーチ検索（スクレイピング・在宅・副業）","https://www.lancers.jp/work/work/detail/2938921","調査・分析・統計/スポーツ・フィットネス","プロジェクト","3,000円~4,000円/募集期間3日、取引期間4日","2","マサキ物販","59","4.9","■依頼の目的・背景こんにちは、EC物販業を営んでいる藤田です。Amazonの商品リサーチ検索を依頼したいです。スクレイピング・手作業など方法はお任せ致します。【条件】1.amazonに商品ページあり（商品名に代理店の記載があって出品者が1名の場合は不可）2.Amazon本体とメーカー直接が出品している商品は不可（名前が違っても住所がHPど同一の場合な..."
4,"不動産サイトをスクレイピング・クローリングしてＣＳＶ出力、DB化するツール開発","https://www.lancers.jp/work/work/detail/2938350","Webシステム開発・プログラミング/IT・通信・インターネット","プロジェクト","20,000円~50,000円/固定","16","石渡貴史","5","3.8","不動産サイトをスクレイピング・クローリングしてＣＳＶ出力、DB化するツール開発"
5,"TradingViewで使えるインジケーター作成","https://www.lancers.jp/work/work/detail/2937678","株・FX・仮想通貨ツール開発/IT・通信・インターネット","プロジェクト","50,000円~100,000円/固定","1","ZeniphusEducation","1","1","TradingViewで使えるインジケーター作成"
6,"（MicrosoftFlow／PowerAutomateによる）MS-Teamsチャット自動投稿","https://www.lancers.jp/work/work/detail/2937271","Webシステム開発・プログラミング/IT・通信・インターネット","プロジェクト","5,000円~10,000円/固定","2","tasuzuki0803","11","5","（MicrosoftFlow／PowerAutomateによる）MS-Teamsチャット自動投稿"
7,"youtubeのデータを集めてスプレッドシートに反映するシステムの開発のお仕事です。","https://www.lancers.jp/work/work/detail/2933722","Webシステム開発・プログラミング/IT・通信・インターネット","プロジェクト","5,000円~10,000円/固定","3","tmr94","-","-","■依頼の目的・背景当案件をご覧いただきましてありがとうございます。【概要】youtubeのデータを集めてスプレッドシートに反映するシステムの開発をお願いします。【依頼内容】特定のyoutubeのURLをスプレッドシートに入力すると、下記の情報を抜き出してシートに反映してくれるシステムを開発していただきたいです。欲しい情報・チャンネルのタイトル..."
8,"限定公開の仕事","https://www.lancers.jp/work/work/detail/2932891","Webシステム開発・プログラミング/IT・通信・インターネット","プロジェクト","20,000円~30,000円/募集期間5日、取引期間0日","6","","550","4.9","限定公開の仕事"
9,"株(投資)の統計分析ができるプログラマーを募集します。","https://www.lancers.jp/work/work/detail/2932369","Webシステム開発・プログラミング/IT・通信・インターネット","プロジェクト","~5,000円/固定","8","tasuxilea","7","5","■依頼の目的・背景株の統計分析ができるプログラマーを募集します。株の自動売買をおこなうソフトを作成したいと思っています。わたしは現在、競馬の統計データから馬の期待度を数値化し、自動的に馬券購入をおこなうというソフトを作成し利用しています。200万円からスタートし、6ヶ月で900万円にすることができました。（エビデンスあり）複利の力を最大限に利用できていま..."
10,"株(投資)の統計分析ができるプログラマーを募集します","https://www.lancers.jp/work/work/detail/2932345","データ分析・統計解析/IT・通信・インターネット","プロジェクト","~5,000円/固定","0","tasuxilea","7","5","株の統計分析ができるプログラマーを募集します。株の自動売買をおこなうソフトを作成したいと思っています。わたしは現在、競馬の統計データから馬の期待度を数値化し、自動的に馬券購入をおこなうというソフトを作成し利用しています。200万円からスタートし、6ヶ月で900万円にすることができました。（エビデンスあり）複利の力を最大限に利用できています。競馬は土日し..."
11,"【Python】5ちゃんねる過去ログ情報をスクレイピング","https://www.lancers.jp/work/work/detail/2931829","Webシステム開発・プログラミング/IT・通信・インターネット","プロジェクト","2,000円~3,000円/募集期間5日、取引期間8日","5","ビジネスマン","9","4.6","【Python】5ちゃんねる過去ログ情報をスクレイピング"
12,"Pythonで複数のURLから表を取得して、整形、データ集計、それをグラフ化してほしい","https://www.lancers.jp/work/work/detail/2930547","Webシステム開発・プログラミング/IT・通信・インターネット","プロジェクト","40,000円~50,000円/募集期間5日、取引期間2日","5","ネオンライト","378","4.9","■依頼の目的・背景Pythonで数十ほどのURLをスクレイピングして、表を取得、そのデータを集計→グラフ化していただきたいです。URLごとの表の数と位置にはある程度規則性があります。【報酬】15000円【納期】エスクローより5日以内以上となります。皆様のご提案お待ちしております。■分野その他■作業範囲分からないので..."
13,"Amazonの商品リサーチ検索","https://www.lancers.jp/work/work/detail/2928646","調査・分析・統計/スポーツ・フィットネス","プロジェクト","1,000円~2,000円/募集期間3日、取引期間5日","1","マサキ物販","59","4.9","■依頼の目的・背景こんにちは、EC物販業を営んでいる藤田です。Amazonの商品リサーチ検索を依頼したいです。スクレイピング・手作業など方法はお任せ致します。【条件】・Amazon本体が扱っていない商品・海外メーカー商品（日本国内にHPが無く海外HPのみ）・カテゴリ：フィットネス・トレーニング以上の条件になります。わからない事は質問くださ..."
14,"Amazonの商品リサーチ検索（スクレイピング・在宅・副業）","https://www.lancers.jp/work/work/detail/2927610","調査・分析・統計/スポーツ・フィットネス","プロジェクト","3,000円~4,000円/募集期間3日、取引期間6日","1","マサキ物販","59","4.9","■依頼の目的・背景こんにちは、EC物販業を営んでいる藤田です。Amazonの商品リサーチ検索を依頼したいです。スクレイピング・手作業など方法はお任せ致します。【条件】ズバリ！利益の出る商品を探して欲しいです。1.amazonに商品ページあり（代理店の記載があり出品者が1名の場合は不可）2.Amazon本体とメーカー直接が出品している商品は不可3...."
15,"Amazon.comの商品リサーチ検索","https://www.lancers.jp/work/work/detail/2926055","調査・分析・統計/スポーツ・フィットネス","プロジェクト","1,000円~2,000円/募集期間3日、取引期間7日","2","マサキ物販","59","4.9","■依頼の目的・背景こんにちは、EC物販業を営んでいる藤田です。Amazon.com（アメリカ）の商品リサーチ検索を依頼したいです。スクレイピング・手作業など方法はお任せ致します。【条件】・日本のAmazonでも販売している商品（商品画像・商品名・ASINで判断ください。）・日本のAmazon本体が扱っていない商品・日本国内にHPが無いメーカー・カ..."
16,"Amazonの商品リサーチ検索","https://www.lancers.jp/work/work/detail/2926043","調査・分析・統計/スポーツ・フィットネス","プロジェクト","1,000円~2,000円/募集期間3日、取引期間0日","1","マサキ物販","59","4.9","■依頼の目的・背景こんにちは、EC物販業を営んでいる藤田です。Amazonの商品リサーチ検索を依頼したいです。スクレイピング・手作業など方法はお任せ致します。【条件】・Amazon本体が扱っていない商品・海外メーカー商品（日本国内にHPが無く海外HPのみ）・カテゴリ：フィットネス・トレーニング以上の条件になります。わからない事は質問くださ..."
17,"TradingViewスクレイピングにて取得した情報を元にラインを引く","https://www.lancers.jp/work/work/detail/2923342","ソフトウェア・業務システム開発/IT・通信・インターネット","プロジェクト","50,000円~100,000円/固定","5","ZeniphusEducation","1","1","TradingViewスクレイピングにて取得した情報を元にラインを引く"
18,"【継続発注】ExcelVBAでのスクレイピング開発","https://www.lancers.jp/work/work/detail/2918734","Excelマクロ作成・VBA開発/IT・通信・インターネット","プロジェクト","5,000円~6,000円/募集期間7日、取引期間0日","25","budouworks","58","5","VBA・マクロを使ったスクレイピング開発を手伝ってくださるエンジニアの方を募集します。お仕事の詳細：▽VBA・マクロ開発の目的・概要【VBA・マクロ開発の目的・概要】仕様はご連絡いただければお渡しいたしますのでお見積からいただければと思います。過去にエクセルマクロでの開発実績の経験のある人に優先的にご依頼させていただきます..."
19,"スクレイピングのシステム","https://www.lancers.jp/work/work/detail/2917365","Webシステム開発・プログラミング/IT・通信・インターネット","プロジェクト","50,000円~100,000円/固定","34","smilekao","4","5","■依頼の目的・背景以下のサイトのスクレイピングをお願いします。レコードは100万件以上になると思います。他のプログラマからは、ページがjavascriptで作ってあり、ソースに情報が出ないようにしてあるのと、ログインが必要な項目があるので、厳しそうです。と言われています。ログインは、手動でもOKです。https://www.acsea..."
20,"WEBサイトのスクレイピング","https://www.lancers.jp/work/work/detail/2912650","Webシステム開発・プログラミング/人材紹介・人材派遣","プロジェクト","50,000円~100,000円/固定","33","ランサーズ戦士","6","4.7","WEBサイトのスクレイピング"
21,"旅行サイトのスクレイピング","https://www.lancers.jp/work/work/detail/2911286","Webシステム開発・プログラミング/IT・通信・インターネット","プロジェクト","100,000円~200,000円/募集期間5日、取引期間39日","33","セカンドアクト株式会社","3","5","旅行サイトのスクレイピング"
22,"RubyonRailsを使ったスクレイピングシステムの構築をお願いします。","https://www.lancers.jp/work/work/detail/2908104","Webシステム開発・プログラミング/IT・通信・インターネット","プロジェクト","5,000円~6,000円/募集期間5日、取引期間7日","9","WorthLiving","306","4.8","RubyonRailsを使ったスクレイピングシステムの構築をお願いします。"
23,"youtubeのデーターを集めてスプレッドシートに反映するシステムの開発","https://www.lancers.jp/work/work/detail/2907723","Webシステム開発・プログラミング/IT・通信・インターネット","プロジェクト","4,000円~5,000円/募集期間4日、取引期間7日","30","youtubeman2","1","5","youtubeのデーターを集めてスプレッドシートに反映するシステムの開発"
24,"【急募】データの抽出クローリング・スクレイピングの仕事","https://www.lancers.jp/work/work/detail/2901749","Windowsアプリケーション開発/卸売・小売","プロジェクト","10,000円~20,000円/募集期間1日、取引期間0日","3","toreichi","4","5","【急募】データの抽出クローリング・スクレイピングの仕事"
25,"nodejs+puppeteerでwebサイトのログイン突破","https://www.lancers.jp/work/work/detail/2900472","Webシステム開発・プログラミング/IT・通信・インターネット","プロジェクト","50,000円~100,000円/固定","6","yuji_390","62","4.4","nodejs+puppeteerでwebサイトのログイン突破"
26,"【Webスクレイピング・報酬額要相談】ＥＣサイトでの情報収集に係るプログラミング","https://www.lancers.jp/work/work/detail/2897957","Webシステム開発・プログラミング/IT・通信・インターネット","プロジェクト","10,000円~20,000円/固定","11","kahoo0237anna","13","4.2","【Webスクレイピング・報酬額要相談】ＥＣサイトでの情報収集に係るプログラミング"
27,"データ入力作業・スクレイピングのお願い","https://www.lancers.jp/work/work/detail/2894110","データ収集・入力・リスト作成/士業（個人事務所）","プロジェクト","20,000円~30,000円/募集期間5日、取引期間18日","51","edbaqua","29","4.8","データ入力作業・スクレイピングのお願い"
28,"GCP上のwebシステム（Django+Postgres+Plotly）の改修案件","https://www.lancers.jp/work/work/detail/2889178","Webシステム開発・プログラミング/IT・通信・インターネット","プロジェクト","100,000円~200,000円/募集期間3日、取引期間11日","4","ろーいん","11","4.8","GCP上のwebシステム（Django+Postgres+Plotly）の改修案件"
29,"商品データのスクレイピングシステムの開発の仕事","https://www.lancers.jp/work/work/detail/2887841","ソフトウェア・業務システム開発/IT・通信・インターネット","プロジェクト","10,000円~20,000円/固定","22","tmotoki33","3","5","商品データのスクレイピングシステムの開発の仕事"
