2020/05/16 20:48:16,"特定のサイトをスクレイピングしたい","https://www.lancers.jp/work/work/detail/2997048","Webシステム開発・プログラミング/IT・通信・インターネット","プロジェクト","10,000円~20,000円/固定","3","anitubeinfo","-","-","■依頼の目的・背景特定のサイト（5～20サイト）からとにかく全ての記事リンク、タイトル、投稿日時を取得してDBに格納。そして、wordpressからクエリを投げることでデータの取得～表示まで行いたい。取得条件：・サイトの中にはhttps://のものがある・サイトが増えても当方にてサイトを追加できること・ajaxを使用したページング処理があるサイトがある・すでに取..."
2020/05/16 20:48:16,"上場企業のデータ収集","https://www.lancers.jp/work/work/detail/2993749","データ収集・入力・リスト作成/リサーチ・調査","プロジェクト","800円~900円/募集期間3日、取引期間0日","4","masa","3","5","上場企業のデータ収集"
2020/05/16 20:48:16,"画像で商品リサーチ一括検索（ExcelエクセルマクロVBAスクレイピングエンジニア","https://www.lancers.jp/work/work/detail/2992934","調査・分析・統計/IT・通信・インターネット","プロジェクト","20,000円~50,000円/固定","3","マサキ物販","60","4.9","■依頼の目的・背景（PCパソコン自動プログラミング手作業ツール）こんにちは、EC物販業を営んでおります。小売りサイトの商品とAmazon.co.jpで一致する商品を探したいです。品番や商品名では一致しないので画像で一致させたいです。Amazonに画像検索機能はありません。Googleの画像検索機能で検索するとAmazonの商品ページが表示され..."
2020/05/16 20:48:16,"オムニ7APIを使用した在庫あり/なしの取得","https://www.lancers.jp/work/work/detail/2989479","ソフトウェア・業務システム開発/IT・通信・インターネット","プロジェクト","20,000円~50,000円/固定","6","amazon_user","5","5","オムニ7APIを使用した在庫あり/なしの取得"
2020/05/16 20:48:16,"アマゾン商品ページ情報取得のスクレイピングツール作成の仕事","https://www.lancers.jp/work/work/detail/2988553","ECサイト運用ツール開発/IT・通信・インターネット","プロジェクト","10,000円~20,000円/固定","11","takahiro22","38","4.8","アマゾン商品ページ情報取得のスクレイピングツール作成の仕事"
2020/05/16 20:48:16,"画像で商品リサーチ一括検索（ExcelエクセルマクロVBAスクレイピングエンジニア","https://www.lancers.jp/work/work/detail/2988167","調査・分析・統計/IT・通信・インターネット","プロジェクト","20,000円~50,000円/固定","1","マサキ物販","60","4.9","■依頼の目的・背景（PCパソコン自動プログラミング手作業ツール）こんにちは、EC物販業を営んでおります。小売りサイトの商品とAmazon.co.jpで一致する商品を探したいです。品番や商品名では一致しないので画像で一致させたいです。Amazonに画像検索機能はありません。Googleの画像検索機能で検索するとAmazonの商品ページが表示され..."
2020/05/16 20:48:16,"Wordpressの自動投稿(＆動画収集)スクレイピングシステムの仕事","https://www.lancers.jp/work/work/detail/2986385","Webシステム開発・プログラミング/IT・通信・インターネット","プロジェクト","10,000円~20,000円/固定","4","皆本","14","4.7","Wordpressの自動投稿(＆動画収集)スクレイピングシステムの仕事"
2020/05/16 20:48:16,"1688のスクレイピングソフトの開発(応募に問題があった為、再募集致します)","https://www.lancers.jp/work/work/detail/2985882","Webシステム開発・プログラミング/IT・通信・インターネット","プロジェクト","50,000円~100,000円/固定","5","works_my","5","5","■依頼の目的・背景【概要】下記サンプルURLのサイト商品ページの情報をスクレイピングするソフトの開発をお願いします。※以下内容を必ずご確認の上、ご応募いただきます様お願い致します。・1688のサイトではアカウントを作成するのに中国での電話番号等が必要となりますので・1688に精通している方のみご応募いただきます様お願い致します。サンプルURL----..."
2020/05/16 20:48:16,"サロンボードのスクレイピング","https://www.lancers.jp/work/work/detail/2985540","Webシステム開発・プログラミング/IT・通信・インターネット","プロジェクト","300,000円~500,000円/固定","22","hinata_aina","3","3.6","サロンボードのスクレイピング"
2020/05/16 20:48:16,"求人サイトのスクレイピングの仕事","https://www.lancers.jp/work/work/detail/2985451","Webシステム開発・プログラミング/IT・通信・インターネット","プロジェクト","10,000円~20,000円/固定","9","たかぽん","122","4.5","求人サイトのスクレイピングの仕事"
2020/05/16 20:48:16,"PHPプログラムでのサイト情報取得プロクラムの改修","https://www.lancers.jp/work/work/detail/2985197","ソフトウェア・業務システム開発/IT・通信・インターネット","プロジェクト","20,000円~50,000円/固定","12","amazon_user","5","5","PHPプログラムでのサイト情報取得プロクラムの改修"
2020/05/16 20:48:16,"Amazon、モノレート、モノゾンからデータを取得するツール","https://www.lancers.jp/work/work/detail/2984421","スクレイピング・データ収集/IT・通信・インターネット","プロジェクト","10,000円~20,000円/固定","5","畑中涼","1","5","Amazon、モノレート、モノゾンからデータを取得するツール"
2020/05/16 20:48:16,"楽天、yahooモール内に出店している自店とライバル店の価格情報をスクレイピングするプログラムの開発","https://www.lancers.jp/work/work/detail/2982428","Webシステム開発・プログラミング/住宅・不動産","プロジェクト","100,000円~200,000円/固定","19","rpeuier09rtw","17","5","■依頼の目的・背景楽天、yahooモール内に出店している自店とライバル店の価格情報をスクレイピングするプログラムの開発をお願い致します。■分野その他■作業範囲分からないので、相談して決めさせていただければと思います。■用意してあるもの・仕様書・サーバー・ドメイン■参考URLなし■希望開発言語Ruby、PHP、Python、Java、..."
2020/05/16 20:48:16,"商品リサーチ一括検索（ExcelエクセルマクロVBAスクレイピングエンジニア","https://www.lancers.jp/work/work/detail/2982191","調査・分析・統計/IT・通信・インターネット","プロジェクト","50,000円~100,000円/固定","2","マサキ物販","60","4.9","■依頼の目的・背景（PCパソコン自動プログラミング）こんにちは、EC物販業を営んでいるmasakiです。小売りサイトの商品とAmazon.co.jpで一致する商品を探したいです。品番が無いので小売りサイト（小）の商品とAmazon.co.jp（A）の画像か製品名を抽出して一致させる。（小）と（A）で画像が違う物もあります。小売りサイトの製品名..."
2020/05/16 20:48:16,"Excelマクロで稼働しているスクレイピングツールと同じ機能のPCインストール型のツールの開発","https://www.lancers.jp/work/work/detail/2981016","Webシステム開発・プログラミング/リサーチ・調査","プロジェクト","50,000円~100,000円/固定","7","NEMOKEN","203","4.9","Excelマクロで稼働しているスクレイピングツールと同じ機能のPCインストール型のツールの開発"
2020/05/16 20:48:16,"【Mac】商品在庫監視、復活時にツイートするツールの開発","https://www.lancers.jp/work/work/detail/2978830","Macアプリケーション開発/IT・通信・インターネット","プロジェクト","100,000円~200,000円/固定","4","早野友哉","16","4.8","複数のサイト状の商品を監視し、在庫が復活するとツイートするMacのツール開発のお仕事となります。競合サイト参考：https://twitter.com/punpunmaruno【概要】商品URL、復活したらツイートする文言を指定、監視ONを押すと監視スタート。同時に数百個程度のURLを平行して監視できるものを希望しています。また、ツイートする文言には「..."
2020/05/16 20:48:16,"Uipathマクロの連携","https://www.lancers.jp/work/work/detail/2974648","ソフトウェア・業務システム開発/IT・通信・インターネット","プロジェクト","5,000円~10,000円/固定","5","ムブ","28","5","■依頼の目的・背景Uipathの開発可能現在、Uipath→マクロ１→マクロ２→スプレッドシートアドオンでの業務をしています。上記の業務をUipathで全体を実行現在のUipathのシナリオを機能拡張したく思っております。現在行っている作業と作業をつなぎあわせてほしいです。UipathでCSVファイルを複数取得マクロ１で複数ファイルを選択..."
2020/05/16 20:48:16,"WordPressに自動投稿するスクレイピングツール作成の仕事","https://www.lancers.jp/work/work/detail/2974035","Webシステム開発・プログラミング/IT・通信・インターネット","プロジェクト","50,000円~100,000円/固定","13","saito_0831","15","5","■依頼の目的・背景当案件をご覧いただき、誠にありがとうございます。複数サイトを入力したサイトからキーワードをスクレイピングしていただきその情報を任意のキーワードに変換していただき自動でWordpressに記事投稿、下書き状態にするツールを開発するお仕事です。目的のサイトは、ホスラブ爆さいしたらば上記の掲示板になります。ベースになるサービスをお..."
2020/05/16 20:48:16,"スクレイピングで在庫監視、商品が復活したら自動でツイートするツールの製作に対する提案","https://www.lancers.jp/work/work/detail/2973517","Webシステム開発・プログラミング/IT・通信・インターネット","プロジェクト","20,000円~50,000円/固定","4","kakaotalk","-","-","スクレイピングで在庫監視、商品が復活したら自動でツイートするツールの製作に対する提案"
2020/05/16 20:48:16,"AmazonアソシエイトPAAPIを利用して、任意検索商品におけるRSS出力ツールの作成","https://www.lancers.jp/work/work/detail/2971416","Webシステム開発・プログラミング/IT・通信・インターネット","プロジェクト","80,000円~90,000円/募集期間7日、取引期間9日","4","wp0060065","1","-","■依頼の目的・背景■概要：AmazonアソシエイトPAAPIを使って、任意検索商品におけるRSS出力ツールの開発■目的出力したRSSを使って、wordpresr上にHTML表示させたい??仕様(希望)・任意検索による特定商品の新着、売上、予約のRSSの出力・表示項目として、商品名、商品画像、容量、価格、送料、販売会社名の表示項目選択可能な機能..."
2020/05/16 20:48:16,"楽天市場から画像URLを抽出するVBA/API等","https://www.lancers.jp/work/work/detail/2969444","Excelマクロ作成・VBA開発/IT・通信・インターネット","プロジェクト","6,000円~7,000円/募集期間5日、取引期間2日","15","wakiwaki","2","-","ご覧いただきありがとうございます。１．楽天市場の商品ページURLがA列に存在２．実行すると商品ページの画像リンクをすべて抽出３．画像のリンク毎にセルを使用します・仕上がりイメージhttps://gyazo.com/bf9afb97b2c874d4ddbb4f1eb5b4c4ad抽出についてはAPI利用、スクレイピング等はお任せします。楽天APIは所..."
2020/05/16 20:48:16,"1688のスクレイピングソフトの開発(2020/04/29内容詳細更新)","https://www.lancers.jp/work/work/detail/2969143","Webシステム開発・プログラミング/IT・通信・インターネット","プロジェクト","50,000円~100,000円/固定","23","works_my","5","5","1688のスクレイピングソフトの開発(2020/04/29内容詳細更新)"
2020/05/16 20:48:16,"Amazon商品リサーチ一括検索（ExcelエクセルマクロVBAスクレイピングエンジニア","https://www.lancers.jp/work/work/detail/2964606","調査・分析・統計/IT・通信・インターネット","プロジェクト","5,000円~6,000円/募集期間3日、取引期間3日","5","マサキ物販","60","4.9","■依頼の目的・背景こんにちは、EC物販業を営んでいる藤田です。Amazonの商品リサーチ検索を依頼したいです。当方の手元に仕入れ先のJANコードと価格表があります。AmazonでJANコードを元に商品を検索商品URLと商品価格と売れ筋ランキングを抽出したいです。よろしくお願い致します。■作業数1080"
2020/05/16 20:48:16,"Amazonページからwebスクレイピングなどを使って商品ページ、レビューの情報を取得する","https://www.lancers.jp/work/work/detail/2961626","Excelマクロ作成・VBA開発/IT・通信・インターネット","プロジェクト","20,000円~30,000円/募集期間7日、取引期間20日","9","takahey","9","5","Amazonページからwebスクレイピングなどを使って商品ページ、レビューの情報を取得する"
2020/05/16 20:48:16,"ツール開発メルカリ楽天市場ラクマなどスクレイピングURL抽出","https://www.lancers.jp/work/work/detail/2961576","ECサイト運用ツール開発/IT・通信・インターネット","プロジェクト","5,000円~10,000円/固定","3","must1989","2","5","メルカリ楽天市場ラクマなどのログイン後のページから、"良いね”や”お気に入り”したURLを一括で抽出できるプログラムを作成してもらいたいと考えています。当方専門的な知識は全くありません。ただ、ネットショップに商品を登録する上で、作業を効率化したいという理由で応募しました。なのであまり専門的な事は分かりませんが、出来るだけ詳しく仕様について説明したいと思います。..."
2020/05/16 20:48:16,"特定サイトの情報をスクレイピングしてスプレッドシートに転記","https://www.lancers.jp/work/work/detail/2958719","Webシステム開発・プログラミング/IT・通信・インターネット","プロジェクト","5,000円~10,000円/固定","6","ムブ","28","5","■依頼の目的・背景ログインが必要な管理システム(ロボットチェックなし)の情報をスクレイピング集計し、スプレッドシートに転記→毎日AM4時に実行管理システム内の商品ステータスの抽出→集計→スプレッドシートに転記管理システム内の「商品一覧ページ」に入り商品の全件表示(リスト形式でクリックしてリストが展開、ALLを選択)表示された全件の商品ステータスをスクレイ..."
2020/05/16 20:48:16,"WEBサイトスクレイピングシステムの開発","https://www.lancers.jp/work/work/detail/2957873","ソフトウェア・業務システム開発/IT・通信・インターネット","プロジェクト","300,000円~500,000円/固定","28","合同会社マーケティングデパートメント","1","-","WEBサイトスクレイピングシステムの開発"
2020/05/16 20:48:16,"サイト情報のスクレイピング","https://www.lancers.jp/work/work/detail/2955614","データ収集・入力・リスト作成/IT・通信・インターネット","プロジェクト","50,000円~100,000円/固定","20","Ykanaya","-","1","サイト情報のスクレイピング"
2020/05/16 20:48:16,"Amazon.co.jpの商品ページの情報をスクレイピングするツールの作成","https://www.lancers.jp/work/work/detail/2955254","ECサイト運用ツール開発/IT・通信・インターネット","プロジェクト","20,000円~50,000円/固定","6","sugacci","8","3.6","Amazon.co.jpの商品ページの情報をスクレイピングするツールの作成"
2020/05/16 20:48:16,"特定のネットショップの自動購入ツールの制作スクレイピングと自動入力","https://www.lancers.jp/work/work/detail/2948432","Webシステム開発・プログラミング/IT・通信・インターネット","プロジェクト","10,000円~20,000円/固定","8","ムブ","28","5","■依頼の目的・背景現在行っている購入作業を効率化、ミス防止が目的です。プログラミング言語は問いません。selenum（やkataron）などで実現できるのかなと思っております。この他にも効率化、自動化ツールを制作していくのでその後も依頼するつもりです。ご検討よろしくお願い致します。以下、ざっくりしていますが効率化したい作業です。１日200件前後行..."
2020/05/16 20:48:20,"通販サイトの情報（在庫入荷）等の更新をTwitterでのツイート及びBandへ通知を行う仕組みの仕事","https://www.lancers.jp/work/work/detail/2947841","ソフトウェア・業務システム開発/IT・通信・インターネット","プロジェクト","20,000円~50,000円/固定","3","Aoi0920","2","-","通販サイトの情報（在庫入荷）等の更新をTwitterでのツイート及びBandへ通知を行う仕組みの仕事"
2020/05/16 20:48:20,"グルメサイトからのデータスクレイピングソフトの開発","https://www.lancers.jp/work/work/detail/2947779","Excelマクロ作成・VBA開発/IT・通信・インターネット","プロジェクト","10,000円~20,000円/固定","9","fact-f","18","3.9","グルメサイトからのデータスクレイピングソフトの開発"
2020/05/16 20:48:20,"限定公開の仕事","https://www.lancers.jp/work/work/detail/2946837","Webシステム開発・プログラミング/流通・運輸・交通","プロジェクト","200,000円~300,000円/固定","14","","550","4.9","限定公開の仕事"
2020/05/16 20:48:20,"株(投資)の統計分析ができるプログラマーを募集します。","https://www.lancers.jp/work/work/detail/2946732","分析・統計・シミュレーション/IT・通信・インターネット","プロジェクト","~5,000円/固定","0","tasuxilea","7","5","■依頼の目的・背景株の統計分析ができるプログラマーを募集します。株の自動売買をおこなうソフトを作成したいと思っています。わたしは現在、競馬の統計データから馬の期待度を数値化し、自動的に馬券購入をおこなうというソフトを作成し利用しています。200万円からスタートし、6ヶ月で900万円にすることができました。（エビデンスあり）複利の力を最大限に利用できていま..."
2020/05/16 20:48:20,"Amazonの商品リサーチ検索（スクレイピング・在宅・副業）","https://www.lancers.jp/work/work/detail/2942961","調査・分析・統計/スポーツ・フィットネス","プロジェクト","3,000円~4,000円/募集期間3日、取引期間3日","1","マサキ物販","60","4.9","■依頼の目的・背景こんにちは、EC物販業を営んでいる藤田です。Amazonの商品リサーチ検索を依頼したいです。スクレイピング・手作業など方法はお任せ致します。【条件】1.amazonに商品ページあり（商品名に代理店の記載があって出品者が1名の場合は不可）2.Amazon本体とメーカー直接が出品している商品は不可（名前が違っても住所がHPど同一の場合な..."
2020/05/16 20:48:20,"全国のダンススクール／スタジオのURL収集","https://www.lancers.jp/work/work/detail/2940001","データ収集・入力・リスト作成/リサーチ・調査","プロジェクト","5,000円~6,000円/募集期間5日、取引期間12日","18","Yoga","4","4.7","全国のダンススクール／スタジオのURL収集"
2020/05/16 20:48:20,"Amazonの商品リサーチ検索（スクレイピング・在宅・副業）","https://www.lancers.jp/work/work/detail/2938921","調査・分析・統計/スポーツ・フィットネス","プロジェクト","3,000円~4,000円/募集期間3日、取引期間4日","2","マサキ物販","60","4.9","■依頼の目的・背景こんにちは、EC物販業を営んでいる藤田です。Amazonの商品リサーチ検索を依頼したいです。スクレイピング・手作業など方法はお任せ致します。【条件】1.amazonに商品ページあり（商品名に代理店の記載があって出品者が1名の場合は不可）2.Amazon本体とメーカー直接が出品している商品は不可（名前が違っても住所がHPど同一の場合な..."
2020/05/16 20:48:20,"不動産サイトをスクレイピング・クローリングしてＣＳＶ出力、DB化するツール開発","https://www.lancers.jp/work/work/detail/2938350","Webシステム開発・プログラミング/IT・通信・インターネット","プロジェクト","20,000円~50,000円/固定","16","石渡貴史","5","3.3","不動産サイトをスクレイピング・クローリングしてＣＳＶ出力、DB化するツール開発"
2020/05/16 20:48:20,"TradingViewで使えるインジケーター作成","https://www.lancers.jp/work/work/detail/2937678","株・FX・仮想通貨ツール開発/IT・通信・インターネット","プロジェクト","100,000円~200,000円/募集期間3日、取引期間20日","1","ZeniphusEducation","1","2.3","TradingViewで使えるインジケーター作成"
2020/05/16 20:48:20,"（MicrosoftFlow／PowerAutomateによる）MS-Teamsチャット自動投稿","https://www.lancers.jp/work/work/detail/2937271","Webシステム開発・プログラミング/IT・通信・インターネット","プロジェクト","5,000円~10,000円/固定","2","tasuzuki0803","11","5","（MicrosoftFlow／PowerAutomateによる）MS-Teamsチャット自動投稿"
2020/05/16 20:48:20,"youtubeのデータを集めてスプレッドシートに反映するシステムの開発のお仕事です。","https://www.lancers.jp/work/work/detail/2933722","Webシステム開発・プログラミング/IT・通信・インターネット","プロジェクト","5,000円~10,000円/固定","3","tmr94","-","-","■依頼の目的・背景当案件をご覧いただきましてありがとうございます。【概要】youtubeのデータを集めてスプレッドシートに反映するシステムの開発をお願いします。【依頼内容】特定のyoutubeのURLをスプレッドシートに入力すると、下記の情報を抜き出してシートに反映してくれるシステムを開発していただきたいです。欲しい情報・チャンネルのタイトル..."
2020/05/16 20:48:20,"限定公開の仕事","https://www.lancers.jp/work/work/detail/2932891","Webシステム開発・プログラミング/IT・通信・インターネット","プロジェクト","20,000円~30,000円/募集期間5日、取引期間0日","6","","550","4.9","限定公開の仕事"
2020/05/16 20:48:20,"株(投資)の統計分析ができるプログラマーを募集します。","https://www.lancers.jp/work/work/detail/2932369","Webシステム開発・プログラミング/IT・通信・インターネット","プロジェクト","~5,000円/固定","8","tasuxilea","7","5","■依頼の目的・背景株の統計分析ができるプログラマーを募集します。株の自動売買をおこなうソフトを作成したいと思っています。わたしは現在、競馬の統計データから馬の期待度を数値化し、自動的に馬券購入をおこなうというソフトを作成し利用しています。200万円からスタートし、6ヶ月で900万円にすることができました。（エビデンスあり）複利の力を最大限に利用できていま..."
2020/05/16 20:48:20,"株(投資)の統計分析ができるプログラマーを募集します","https://www.lancers.jp/work/work/detail/2932345","データ分析・統計解析/IT・通信・インターネット","プロジェクト","~5,000円/固定","0","tasuxilea","7","5","株の統計分析ができるプログラマーを募集します。株の自動売買をおこなうソフトを作成したいと思っています。わたしは現在、競馬の統計データから馬の期待度を数値化し、自動的に馬券購入をおこなうというソフトを作成し利用しています。200万円からスタートし、6ヶ月で900万円にすることができました。（エビデンスあり）複利の力を最大限に利用できています。競馬は土日し..."
2020/05/16 20:48:20,"【Python】5ちゃんねる過去ログ情報をスクレイピング","https://www.lancers.jp/work/work/detail/2931829","Webシステム開発・プログラミング/IT・通信・インターネット","プロジェクト","2,000円~3,000円/募集期間5日、取引期間8日","5","ビジネスマン","9","4.6","【Python】5ちゃんねる過去ログ情報をスクレイピング"
2020/05/16 20:48:20,"Pythonで複数のURLから表を取得して、整形、データ集計、それをグラフ化してほしい","https://www.lancers.jp/work/work/detail/2930547","Webシステム開発・プログラミング/IT・通信・インターネット","プロジェクト","40,000円~50,000円/募集期間5日、取引期間2日","5","ネオンライト","381","4.9","■依頼の目的・背景Pythonで数十ほどのURLをスクレイピングして、表を取得、そのデータを集計→グラフ化していただきたいです。URLごとの表の数と位置にはある程度規則性があります。【報酬】15000円【納期】エスクローより5日以内以上となります。皆様のご提案お待ちしております。■分野その他■作業範囲分からないので..."
2020/05/16 20:48:20,"Amazonの商品リサーチ検索","https://www.lancers.jp/work/work/detail/2928646","調査・分析・統計/スポーツ・フィットネス","プロジェクト","1,000円~2,000円/募集期間3日、取引期間5日","1","マサキ物販","60","4.9","■依頼の目的・背景こんにちは、EC物販業を営んでいる藤田です。Amazonの商品リサーチ検索を依頼したいです。スクレイピング・手作業など方法はお任せ致します。【条件】・Amazon本体が扱っていない商品・海外メーカー商品（日本国内にHPが無く海外HPのみ）・カテゴリ：フィットネス・トレーニング以上の条件になります。わからない事は質問くださ..."
2020/05/16 20:48:20,"Amazonの商品リサーチ検索（スクレイピング・在宅・副業）","https://www.lancers.jp/work/work/detail/2927610","調査・分析・統計/スポーツ・フィットネス","プロジェクト","3,000円~4,000円/募集期間3日、取引期間6日","1","マサキ物販","60","4.9","■依頼の目的・背景こんにちは、EC物販業を営んでいる藤田です。Amazonの商品リサーチ検索を依頼したいです。スクレイピング・手作業など方法はお任せ致します。【条件】ズバリ！利益の出る商品を探して欲しいです。1.amazonに商品ページあり（代理店の記載があり出品者が1名の場合は不可）2.Amazon本体とメーカー直接が出品している商品は不可3...."
2020/05/16 20:48:20,"Amazon.comの商品リサーチ検索","https://www.lancers.jp/work/work/detail/2926055","調査・分析・統計/スポーツ・フィットネス","プロジェクト","1,000円~2,000円/募集期間3日、取引期間7日","2","マサキ物販","60","4.9","■依頼の目的・背景こんにちは、EC物販業を営んでいる藤田です。Amazon.com（アメリカ）の商品リサーチ検索を依頼したいです。スクレイピング・手作業など方法はお任せ致します。【条件】・日本のAmazonでも販売している商品（商品画像・商品名・ASINで判断ください。）・日本のAmazon本体が扱っていない商品・日本国内にHPが無いメーカー・カ..."
2020/05/16 20:48:20,"Amazonの商品リサーチ検索","https://www.lancers.jp/work/work/detail/2926043","調査・分析・統計/スポーツ・フィットネス","プロジェクト","1,000円~2,000円/募集期間3日、取引期間0日","1","マサキ物販","60","4.9","■依頼の目的・背景こんにちは、EC物販業を営んでいる藤田です。Amazonの商品リサーチ検索を依頼したいです。スクレイピング・手作業など方法はお任せ致します。【条件】・Amazon本体が扱っていない商品・海外メーカー商品（日本国内にHPが無く海外HPのみ）・カテゴリ：フィットネス・トレーニング以上の条件になります。わからない事は質問くださ..."
2020/05/16 20:48:20,"TradingViewスクレイピングにて取得した情報を元にラインを引く","https://www.lancers.jp/work/work/detail/2923342","ソフトウェア・業務システム開発/IT・通信・インターネット","プロジェクト","50,000円~100,000円/固定","5","ZeniphusEducation","1","2.3","TradingViewスクレイピングにて取得した情報を元にラインを引く"
2020/05/16 20:48:20,"【継続発注】ExcelVBAでのスクレイピング開発","https://www.lancers.jp/work/work/detail/2918734","Excelマクロ作成・VBA開発/IT・通信・インターネット","プロジェクト","5,000円~6,000円/募集期間7日、取引期間0日","25","budouworks","58","5","VBA・マクロを使ったスクレイピング開発を手伝ってくださるエンジニアの方を募集します。お仕事の詳細：▽VBA・マクロ開発の目的・概要【VBA・マクロ開発の目的・概要】仕様はご連絡いただければお渡しいたしますのでお見積からいただければと思います。過去にエクセルマクロでの開発実績の経験のある人に優先的にご依頼させていただきます..."
2020/05/16 20:48:20,"スクレイピングのシステム","https://www.lancers.jp/work/work/detail/2917365","Webシステム開発・プログラミング/IT・通信・インターネット","プロジェクト","50,000円~100,000円/固定","34","smilekao","4","5","■依頼の目的・背景以下のサイトのスクレイピングをお願いします。レコードは100万件以上になると思います。他のプログラマからは、ページがjavascriptで作ってあり、ソースに情報が出ないようにしてあるのと、ログインが必要な項目があるので、厳しそうです。と言われています。ログインは、手動でもOKです。https://www.acsea..."
2020/05/16 20:48:20,"WEBサイトのスクレイピング","https://www.lancers.jp/work/work/detail/2912650","Webシステム開発・プログラミング/人材紹介・人材派遣","プロジェクト","50,000円~100,000円/固定","33","ランサーズ戦士","6","4.7","WEBサイトのスクレイピング"
2020/05/16 20:48:20,"旅行サイトのスクレイピング","https://www.lancers.jp/work/work/detail/2911286","Webシステム開発・プログラミング/IT・通信・インターネット","プロジェクト","100,000円~200,000円/募集期間5日、取引期間39日","33","セカンドアクト株式会社","3","5","旅行サイトのスクレイピング"
2020/05/16 20:48:20,"RubyonRailsを使ったスクレイピングシステムの構築をお願いします。","https://www.lancers.jp/work/work/detail/2908104","Webシステム開発・プログラミング/IT・通信・インターネット","プロジェクト","5,000円~6,000円/募集期間5日、取引期間7日","9","WorthLiving","306","4.8","RubyonRailsを使ったスクレイピングシステムの構築をお願いします。"
2020/05/16 20:48:20,"youtubeのデーターを集めてスプレッドシートに反映するシステムの開発","https://www.lancers.jp/work/work/detail/2907723","Webシステム開発・プログラミング/IT・通信・インターネット","プロジェクト","4,000円~5,000円/募集期間4日、取引期間7日","30","youtubeman2","1","5","youtubeのデーターを集めてスプレッドシートに反映するシステムの開発"
2020/05/16 20:48:20,"【急募】データの抽出クローリング・スクレイピングの仕事","https://www.lancers.jp/work/work/detail/2901749","Windowsアプリケーション開発/卸売・小売","プロジェクト","10,000円~20,000円/募集期間1日、取引期間0日","3","toreichi","4","5","【急募】データの抽出クローリング・スクレイピングの仕事"
2020/05/16 20:48:20,"nodejs+puppeteerでwebサイトのログイン突破","https://www.lancers.jp/work/work/detail/2900472","Webシステム開発・プログラミング/IT・通信・インターネット","プロジェクト","50,000円~100,000円/固定","6","yuji_390","62","4.4","nodejs+puppeteerでwebサイトのログイン突破"
2020/05/16 20:48:20,"【Webスクレイピング・報酬額要相談】ＥＣサイトでの情報収集に係るプログラミング","https://www.lancers.jp/work/work/detail/2897957","Webシステム開発・プログラミング/IT・通信・インターネット","プロジェクト","10,000円~20,000円/固定","11","kahoo0237anna","13","4.2","【Webスクレイピング・報酬額要相談】ＥＣサイトでの情報収集に係るプログラミング"
2020/05/16 20:48:22,"データ入力作業・スクレイピングのお願い","https://www.lancers.jp/work/work/detail/2894110","データ収集・入力・リスト作成/士業（個人事務所）","プロジェクト","20,000円~30,000円/募集期間5日、取引期間18日","51","edbaqua","29","4.8","データ入力作業・スクレイピングのお願い"
2020/05/16 20:48:22,"GCP上のwebシステム（Django+Postgres+Plotly）の改修案件","https://www.lancers.jp/work/work/detail/2889178","Webシステム開発・プログラミング/IT・通信・インターネット","プロジェクト","100,000円~200,000円/募集期間3日、取引期間11日","4","ろーいん","11","4.8","GCP上のwebシステム（Django+Postgres+Plotly）の改修案件"
2020/05/16 20:48:22,"商品データのスクレイピングシステムの開発の仕事","https://www.lancers.jp/work/work/detail/2887841","ソフトウェア・業務システム開発/IT・通信・インターネット","プロジェクト","10,000円~20,000円/固定","22","tmotoki33","3","5","商品データのスクレイピングシステムの開発の仕事"
2020/05/16 20:48:22,"ExcelでのマクロVBAスクレイピング等多数の案件があります","https://www.lancers.jp/work/work/detail/2884998","スクレイピング・データ収集/商社","プロジェクト","5,000円~10,000円/固定","10","ユウキ","38","4","ExcelでのマクロVBAスクレイピング等多数の案件があります"
2020/05/16 20:48:22,"ASINを元に「Amazon」「モノレート」「モノゾン」からデータを取得するプログラムの作成","https://www.lancers.jp/work/work/detail/2883874","ECサイト運用ツール開発/IT・通信・インターネット","プロジェクト","30,000円~40,000円/募集期間5日、取引期間15日","5","まさみ物販","7","3.7","ASIN（CSVファイルをツールに読み込み）を元に「Amazon」、「モノレート」「モノゾン」から、以下の項目をボタン一つで取得するプログラムの作成を10000件程度のASINを一度に処理できるような仕様でお願いします。1つのアプリ、マクロで処理が複雑になりPCに負荷が掛かるようならば分割してもらっても構いません。作成して頂くアプリ、マクロを使って..."
2020/05/16 20:48:22,"ASINを元に「Amazon」「モノレート」「モノゾン」からデータを取得するプログラムの仕事","https://www.lancers.jp/work/work/detail/2883870","ECサイト運用ツール開発/IT・通信・インターネット","プロジェクト","10,000円~20,000円/固定","1","まさみ物販","7","3.7","ASIN（CSVファイルをツールに読み込み）を元に「Amazon」、「モノレート」「モノゾン」から、以下の項目をボタン一つで取得するプログラムの作成を10000件程度のASINを一度に処理できるような仕様でお願いします。1つのアプリ、マクロで処理が複雑になりPCに負荷が掛かるようならば分割してもらっても構いません。作成して頂くアプリ、マクロを使って..."
2020/05/16 20:48:22,"ASINを元に「モノレート」と「モノゾン」からデータを取得するプログラムの仕事","https://www.lancers.jp/work/work/detail/2883868","ECサイト運用ツール開発/IT・通信・インターネット","プロジェクト","10,000円~20,000円/固定","2","まさみ物販","7","3.7","ASIN（CSVファイルをツールに読み込み）を元に「Amazon」、「モノレート」「モノゾン」から、以下の項目をボタン一つで取得するプログラムの作成を10000件程度のASINを一度に処理できるような仕様でお願いします。1つのアプリ、マクロで処理が複雑になりPCに負荷が掛かるようならば分割してもらっても構いません。作成して頂くアプリ、マクロを使って..."
2020/05/16 20:48:22,"ASINを元に「モノレート」と「モノゾン」からデータを取得するプログラムの仕事","https://www.lancers.jp/work/work/detail/2883863","ECサイト運用ツール開発/IT・通信・インターネット","プロジェクト","10,000円~20,000円/固定","1","まさみ物販","7","3.7","ASINを元に「モノレート」と「モノゾン」からデータを取得するプログラムの仕事"
2020/05/16 20:48:22,"Webスクレイピングソフト「Octoparse」を利用したスクレイピングフローの開発","https://www.lancers.jp/work/work/detail/2882845","Webシステム開発・プログラミング/IT・通信・インターネット","プロジェクト","4,000円~5,000円/募集期間7日、取引期間5日","2","amber66","5","4.3","Webスクレイピングソフト「Octoparse」を利用したスクレイピングフローの開発"
2020/05/16 20:48:22,"スクレイピングguiツール開発","https://www.lancers.jp/work/work/detail/2880173","Webシステム開発・プログラミング/IT・通信・インターネット","プロジェクト","10,000円~20,000円/固定","9","info_6232","-","-","スクレイピングguiツール開発"
2020/05/16 20:48:22,"既存のスクレイピングツールの表示速度、処理速度を早くする方法をご教授ください。","https://www.lancers.jp/work/work/detail/2878708","その他/IT・通信・インターネット","プロジェクト","20,000円~50,000円/固定","3","kteco","-","1","既存のスクレイピングツールの表示速度、処理速度を早くする方法をご教授ください。"
2020/05/16 20:48:22,"【VBAの修正と改修】seleniumDriverでスクレイピングしたデータの集計改修","https://www.lancers.jp/work/work/detail/2876637","Excelマクロ作成・VBA開発/IT・通信・インターネット","プロジェクト","30,000円~40,000円/募集期間5日、取引期間17日","10","heat-sticks","266","4.8","【VBAの修正と改修】seleniumDriverでスクレイピングしたデータの集計改修"
2020/05/16 20:48:22,"【急募】WordPressサイトを3サイト新規制作して頂ける方を募集！","https://www.lancers.jp/work/work/detail/2875843","レスポンシブサイト制作/IT・通信・インターネット","プロジェクト","200,000円~300,000円/固定","19","ltr7172","1","3","【急募】WordPressサイトを3サイト新規制作して頂ける方を募集！"
2020/05/16 20:48:22,"限定公開の仕事","https://www.lancers.jp/work/work/detail/2875841","レスポンシブサイト制作/IT・通信・インターネット","プロジェクト","100,000円~200,000円/固定","6","","90","4.2","限定公開の仕事"
2020/05/16 20:48:22,"ツール開発メルカリ楽天市場ラクマなどスクレイピングURL抽出","https://www.lancers.jp/work/work/detail/2872328","ECサイト運用ツール開発/IT・通信・インターネット","プロジェクト","6,000円~7,000円/募集期間7日、取引期間10日","11","must1989","2","5","ツール開発メルカリ楽天市場ラクマなどスクレイピングURL抽出"
2020/05/16 20:48:22,"Web上のリスト情報をExcelにコピペ","https://www.lancers.jp/work/work/detail/2870217","企業リスト・営業リスト作成/医療・医薬","タスク","円/件募集期間13日5/","70","一般社団法人FutureGrip研究所","5","5","Web上のリスト情報をExcelにコピペ"
2020/05/16 20:48:22,"【注目】【フロントエンド】大規模クローリングシステムの運用・保守業務","https://www.lancers.jp/workhttps://lancersagent.com/project/engineer/0060I00000fJFTSQA4/?r=ljs01&amp;utm_source=lancers&amp;utm_medium=banner&amp;utm_campaign=menu"target="_blank","Webシステム開発・プログラミング/IT・通信・インターネット","常駐","100,000円円~700,000/月週5日","200,000","hasega1","1","1","【注目】【フロントエンド】大規模クローリングシステムの運用・保守業務"
2020/05/16 20:48:22,"XBRLデータによる財務データ構築","https://www.lancers.jp/work/work/detail/2858733","スクレイピング・データ収集/金融・保険","プロジェクト","500,000円~1,000,000円/固定","11","Funeo","1","5","XBRLデータによる財務データ構築"
2020/05/16 20:48:22,"スクレイピング不動産HPから新着情報を自動取得メール通知するPHP","https://www.lancers.jp/work/work/detail/2853907","Webシステム開発・プログラミング/IT・通信・インターネット","プロジェクト","10,000円~20,000円/募集期間1日、取引期間29日","7","tenvic","535","4.7","■依頼の目的・背景不動産ポータルサイトや不動産屋さんのホームページを自動巡回(スクレイピング)して新着の売物件の情報を自動取得してメール通知するプログラムの制作言語：PHPサーバー：エックスサーバー以下のような機能でお見積もりを頂けますでしょうか。■機能・指定したサイトを自動的に巡回し新着の売物件があった場合はメールで通知・メール内に物件情報(住..."
2020/05/16 20:48:22,"WEBスクレイピングプログラム","https://www.lancers.jp/work/work/detail/2852897","Webシステム開発・プログラミング/リサーチ・調査","プロジェクト","10,000円~20,000円/募集期間7日、取引期間9日","12","chichichikb","1","5","WEBスクレイピングプログラム"
2020/05/16 20:48:22,"Wordpressプラグインの修正","https://www.lancers.jp/work/work/detail/2848323","Webシステム開発・プログラミング/IT・通信・インターネット","プロジェクト","40,000円~50,000円/募集期間5日、取引期間24日","9","murphy","4","5","Wordpressプラグインの修正"
2020/05/16 20:48:22,"Instagramのスクレイピングコード納品またはレクチャーのお仕事（アプリからの取得）","https://www.lancers.jp/work/work/detail/2846939","Webシステム開発・プログラミング/IT・通信・インターネット","プロジェクト","100,000円~200,000円/募集期間5日、取引期間8日","5","伊藤實梨","1","5","Instagramのスクレイピングコード納品またはレクチャーのお仕事（アプリからの取得）"
2020/05/16 20:48:22,"競馬の速報Webサイトの制作","https://www.lancers.jp/work/work/detail/2842591","Webシステム開発・プログラミング/IT・通信・インターネット","プロジェクト","50,000円~100,000円/固定","4","kam1","26","4.8","競馬の速報Webサイトの制作"
2020/05/16 20:48:22,"イベント情報アプリ＆スクレイピングの開発制作(iPhone&amp;android)","https://www.lancers.jp/work/work/detail/2842210","iPhoneアプリ・iPadアプリ開発/広告・イベント・プロモーション","プロジェクト","500,000円~1,000,000円/固定","29","kimura_yusuke_0310","8","3.4","イベント情報アプリ＆スクレイピングの開発制作(iPhone&amp;android)"
2020/05/16 20:48:22,"不動産サイトのスクレイピング⇒googleスプレッドシートに自動入力","https://www.lancers.jp/work/work/detail/2835157","Webシステム開発・プログラミング/IT・通信・インターネット","プロジェクト","20,000円~30,000円/募集期間5日、取引期間75日","21","AJ_san","2","5","不動産サイトのスクレイピング⇒googleスプレッドシートに自動入力"
2020/05/16 20:48:22,"AWSでlambdaでスクレイピングしたデータをDynamoDBに保存、検索、出力の方法","https://www.lancers.jp/work/work/detail/2827279","Webシステム開発・プログラミング/IT・通信・インターネット","プロジェクト","~5,000円/固定","0","富田悠次郎","6","4.5","■依頼の目的・背景ー現状ーAWSlambdaを使用し、スクレイピング後DynamoDBにデータを保存を定時で繰り返す。保存したデータを検索し既に保存されているデータがなければSESで一つずつメール通知させようとしております。ー詰まったところー①スクレイピングデータをどのようにDynamoDBに保存するのかが分からない状況です。②保存したデータをどのようにし..."
2020/05/16 20:48:22,"Python顧客情報のスクレイピング分析ツール開発","https://www.lancers.jp/work/work/detail/2825462","Webシステム開発・プログラミング/IT・通信・インターネット","プロジェクト","50,000円~60,000円/募集期間2日、取引期間1日","11","株式会社Japonline","2","5","Python顧客情報のスクレイピング分析ツール開発"
2020/05/16 20:48:22,"モダンなNode/Typescriptコードを書けるエンジニア募集","https://www.lancers.jp/work/work/detail/2823932","Webシステム開発・プログラミング/IT・通信・インターネット","プロジェクト","300,000円~400,000円/募集期間3日、取引期間27日","13","ibaragi","88","4.8","モダンなNode/Typescriptコードを書けるエンジニア募集"
2020/05/16 20:48:22,"Pythonスクレイピングのコードチェック","https://www.lancers.jp/work/work/detail/2822730","Webシステム開発・プログラミング/IT・通信・インターネット","プロジェクト","~5,000円/固定","3","富田悠次郎","6","4.5","■依頼の目的・背景現在Pythonで某サイトのスクレイピングを行っています。以下現状になります。13万件のデータの取得＆CSV保存が目的です。取得するコードは完成しているのですが、これが取得に4日かかります。また、途中で一度中断されCSV保存できず困っております。以下要望・スクレイピング速度を改善・数百件はCSV保存できたが、13万件ほど本当に保..."
